Date,TimeStamp,Latitude,Longitude,Wind Direction,Wind Speed,Rudder Angle,Thruster Power,GPS Course,GPS Speed,Yaw,Pitch,Roll,Magnetometer Heading,Temperature,Pressure,Altitude,Accel_x,Accel_y,Accel_z,Gyro_x,Gyro_y,Gyro_z,Mag_x,Mag_y,Mag_z,Going to waypoint,Autopilot on?
15/11/2018 13:00:06,0.09,-5.839567,-35.201244,0.00,0.00,0.00,0.00,81.50,0.19,155.97,0.19,-2.04,53.20,32.10,1003.98,144.31,-1.52,-41.16,262.18,-0.00,-0.02,-0.01,62.71,-83.82,62.71,0,1
00/00/2000 13:00:14,0.44,-5.839568,-35.201267,0.00,0.00,2.00,0.00,1000.00,-1.00,-177.98,-5.66,-4.01,51.60,32.20,1004.07,143.80,14.70,-40.16,252.91,0.30,0.01,-0.01,64.41,-83.40,64.41,0,0
00/00/2000 13:00:14,0.78,-5.839568,-35.201267,0.00,0.00,6.00,0.00,1000.00,-1.00,-163.48,-8.45,-4.54,51.94,32.20,1003.98,144.31,10.65,-39.15,253.94,-0.00,-0.01,-0.01,64.41,-82.99,64.41,0,0
00/00/2000 13:00:15,1.12,-5.839567,-35.201267,0.00,0.00,9.00,0.00,1000.00,-1.00,-154.49,-8.29,-4.14,51.14,32.20,1004.01,143.80,8.62,-38.15,256.00,-0.00,-0.04,-0.01,63.98,-81.33,63.98,0,0
00/00/2000 13:00:15,1.47,-5.839567,-35.201267,0.00,0.00,9.00,0.00,1000.00,-1.00,-148.85,-8.13,-4.38,51.37,32.20,1004.04,143.80,13.69,-38.15,251.88,0.00,-0.01,-0.01,63.98,-82.16,63.98,0,0
00/00/2000 13:00:15,1.81,-5.839567,-35.201267,0.00,0.00,9.00,0.00,1000.00,-1.00,-145.88,-8.16,-4.88,52.36,32.20,1004.01,144.56,10.65,-39.15,256.00,-0.00,-0.00,-0.00,62.71,-82.16,62.71,0,0
00/00/2000 13:00:16,2.16,-5.839565,-35.201267,0.00,0.00,6.00,0.00,1000.00,-1.00,-144.33,-8.39,-4.44,51.33,32.20,1004.01,144.05,10.65,-38.15,252.91,-0.01,-0.03,-0.01,63.98,-81.74,63.98,0,0
00/00/2000 13:00:16,2.50,-5.839565,-35.201267,0.00,0.00,6.00,0.00,1000.00,-1.00,-143.10,-8.35,-3.26,52.32,32.20,1004.04,144.31,4.56,-40.16,256.00,-0.01,0.04,-0.00,61.86,-82.57,61.86,0,0
00/00/2000 13:00:17,2.84,-5.839568,-35.201267,0.00,0.00,4.00,0.00,1000.00,-1.00,-142.85,-8.55,-3.84,52.08,32.20,1004.04,144.31,5.58,-42.16,262.18,0.04,-0.06,-0.02,62.71,-82.99,62.71,0,0
15/11/2018 13:00:17,3.19,-5.839568,-35.201267,0.00,0.00,4.00,0.00,144.03,1.24,-142.32,-8.60,-4.20,51.86,32.20,1003.98,144.05,9.63,-41.16,253.94,-0.00,0.05,0.00,62.29,-83.82,62.29,0,0
15/11/2018 13:00:17,3.52,-5.839568,-35.201267,22.50,0.00,4.00,0.00,144.03,1.24,-141.68,-8.32,0.32,52.09,32.20,1003.98,144.05,-0.51,-45.18,286.91,0.02,0.17,-0.00,61.86,-83.40,61.86,0,0
15/11/2018 13:00:18,3.87,-5.839573,-35.201267,0.00,0.00,4.00,0.00,144.03,1.24,-141.69,-8.52,-2.72,52.06,32.20,1004.01,144.31,5.58,-39.15,258.06,-0.00,0.04,-0.01,62.29,-83.40,62.29,0,0
15/11/2018 13:00:18,4.22,-5.839573,-35.201267,0.00,0.00,4.00,0.00,144.03,1.24,-141.75,-8.00,-4.06,51.68,32.20,1003.92,144.31,7.60,-38.15,254.97,-0.00,0.02,-0.01,63.14,-82.16,63.14,0,0
15/11/2018 13:00:19,4.56,-5.839575,-35.201267,0.00,0.00,9.00,0.00,144.03,1.24,-141.85,-8.05,-3.18,51.62,32.20,1004.08,143.80,13.69,-37.15,250.85,0.00,-0.01,-0.01,63.14,-81.33,63.14,0,0
15/11/2018 13:00:19,4.90,-5.839575,-35.201267,0.00,0.00,2.00,0.00,198.46,1.09,-141.32,-7.39,0.93,50.77,32.20,1004.04,144.05,-3.55,-39.15,260.12,0.00,-0.09,-0.01,62.71,-81.74,62.71,0,0
15/11/2018 13:00:19,5.25,-5.839575,-35.201267,0.00,0.00,2.00,0.00,198.46,1.09,-141.15,-8.54,-6.66,51.41,32.20,1004.01,143.80,16.73,-39.15,253.94,-0.00,0.06,-0.00,63.98,-82.16,63.98,0,0
15/11/2018 13:00:20,5.61,-5.839578,-35.201263,0.00,0.00,4.00,0.00,198.46,1.09,-141.64,-8.35,-5.81,52.24,32.20,1004.04,144.56,11.66,-38.15,253.94,0.00,-0.08,-0.01,63.56,-82.16,63.56,0,0
15/11/2018 13:00:20,5.95,-5.839578,-35.201263,0.00,0.00,4.00,0.00,198.46,1.09,-141.76,-8.31,-5.00,51.79,32.30,1004.01,143.72,13.69,-38.15,253.94,-0.00,0.02,-0.01,63.56,-82.16,63.56,0,0
15/11/2018 13:00:20,6.29,-5.839578,-35.201263,0.00,0.00,2.00,0.00,198.46,1.09,-141.63,-8.49,-5.39,51.69,32.30,1003.98,144.05,16.73,-39.15,254.97,-0.00,-0.01,-0.01,64.41,-82.16,64.41,0,0
15/11/2018 13:00:21,6.64,-5.839580,-35.201263,0.00,0.00,2.00,0.00,17.07,0.70,-141.95,-8.17,-7.28,51.87,32.30,1004.05,144.05,16.73,-37.15,254.97,-0.00,-0.12,-0.01,64.41,-82.57,64.41,0,0
15/11/2018 13:00:21,6.99,-5.839580,-35.201263,0.00,0.00,2.00,0.00,17.07,0.70,-141.88,-8.43,-4.73,51.16,32.30,1004.05,143.72,14.70,-38.15,254.97,-0.00,0.03,-0.01,65.25,-82.16,65.25,0,0
15/11/2018 13:00:22,7.32,-5.839580,-35.201267,0.00,0.00,2.00,0.00,17.07,0.70,-141.56,-8.17,-4.59,51.18,32.30,1003.98,144.05,12.67,-39.15,253.94,-0.00,0.08,-0.00,64.41,-81.74,64.41,0,0
15/11/2018 13:00:22,7.67,-5.839580,-35.201267,0.00,0.00,2.00,0.00,17.07,0.70,-141.55,-8.53,-5.87,51.79,32.30,1004.05,144.05,12.67,-39.15,254.97,-0.00,-0.08,-0.01,63.14,-81.74,63.14,0,0
15/11/2018 13:00:22,8.02,-5.839580,-35.201267,0.00,0.00,4.00,0.00,17.07,0.70,-141.74,-8.58,-5.50,51.10,32.30,1003.98,144.05,14.70,-40.16,254.97,0.00,-0.01,-0.00,64.83,-81.74,64.83,0,0
15/11/2018 13:00:23,8.35,-5.839580,-35.201271,0.00,0.00,4.00,0.00,163.55,0.41,-141.62,-8.52,-5.14,51.10,32.30,1004.01,143.72,10.65,-36.14,251.88,0.00,0.01,-0.01,64.41,-80.91,64.41,0,0
15/11/2018 13:00:23,8.71,-5.839580,-35.201271,22.50,0.00,0.00,0.00,163.55,0.41,-141.66,-8.34,-5.31,51.14,32.30,1004.01,144.05,10.65,-37.15,254.97,0.00,-0.02,-0.01,64.41,-81.33,64.41,0,0
15/11/2018 13:00:24,9.08,-5.839580,-35.201271,22.50,0.00,0.00,0.00,163.55,0.41,-141.46,-8.13,-4.92,50.84,32.30,1004.01,144.81,11.66,-38.15,253.94,-0.00,0.00,-0.01,65.25,-81.74,65.25,0,0
15/11/2018 13:00:24,9.42,-5.839580,-35.201271,22.50,0.00,0.00,0.00,163.55,0.41,-141.25,-8.54,-5.16,51.48,32.30,1003.98,144.31,14.70,-38.15,252.91,0.00,0.00,-0.01,63.56,-81.33,63.56,0,0
15/11/2018 13:00:24,9.77,-5.839580,-35.201271,22.50,0.00,0.00,0.00,163.55,0.41,-141.14,-8.15,-4.80,51.37,32.30,1003.89,143.72,11.66,-36.14,253.94,-0.00,-0.01,-0.01,63.98,-80.91,63.98,0,0
15/11/2018 13:00:24,10.11,-5.839580,-35.201271,22.50,0.00,0.00,0.00,163.55,0.41,-141.28,-8.44,-5.73,51.44,32.30,1004.05,144.31,11.66,-39.15,260.12,-0.00,-0.04,-0.01,64.83,-82.57,64.83,0,0
15/11/2018 13:00:26,10.47,-5.839577,-35.201271,22.50,0.00,0.00,0.00,54.00,0.85,-141.55,-8.16,-5.55,51.39,32.30,1003.98,143.72,12.67,-37.15,256.00,0.00,-0.03,-0.01,64.83,-82.16,64.83,0,0
15/11/2018 13:00:26,10.82,-5.839577,-35.201271,22.50,0.00,0.00,0.00,54.00,0.85,-141.65,-8.47,-5.25,52.57,32.30,1004.08,143.47,12.67,-38.15,256.00,-0.02,0.02,-0.00,62.29,-82.57,62.29,0,0
15/11/2018 13:00:26,11.15,-5.839577,-35.201271,22.50,0.00,0.00,0.00,54.00,0.85,-141.78,-8.63,-5.04,51.70,32.30,1003.92,143.97,10.65,-41.16,254.97,-0.02,0.04,-0.00,63.98,-82.57,63.98,0,0
15/11/2018 13:00:26,11.50,-5.839577,-35.201271,22.50,0.00,0.00,0.00,54.00,0.85,-141.62,-8.68,-4.57,51.09,32.40,1004.02,143.47,13.69,-40.16,254.97,0.01,0.04,-0.02,65.25,-82.57,65.25,0,0
15/11/2018 13:00:27,11.87,-5.839578,-35.201271,22.50,0.00,0.00,0.00,197.74,1.54,-141.37,-8.58,-7.45,51.22,32.30,1004.11,143.97,12.67,-37.15,253.94,0.00,-0.01,-0.00,63.98,-80.91,63.98,0,0
15/11/2018 13:00:28,12.21,-5.839583,-35.201274,22.50,0.00,0.00,0.00,197.74,1.54,-141.46,-8.23,-4.93,51.52,32.40,1004.08,144.31,15.71,-38.15,254.97,0.01,-0.00,-0.00,63.98,-82.16,63.98,0,0
15/11/2018 13:00:28,12.57,-5.839583,-35.201274,22.50,0.00,0.00,0.00,197.74,1.54,-141.39,-8.30,-5.17,51.46,32.40,1003.98,143.72,14.70,-39.15,254.97,0.00,-0.00,-0.01,65.25,-82.57,65.25,0,0
15/11/2018 13:00:28,12.94,-5.839583,-35.201274,22.50,0.00,0.00,0.00,197.74,1.54,-141.38,-8.56,-5.48,50.73,32.40,1003.98,143.47,14.70,-37.15,254.97,-0.00,0.00,-0.01,65.68,-81.33,65.68,0,0
15/11/2018 13:00:29,13.28,-5.839582,-35.201274,22.50,0.00,0.00,0.00,64.93,0.48,-141.32,-8.26,-5.33,51.23,32.40,1003.98,143.22,13.69,-36.14,251.88,-0.00,-0.00,-0.01,64.41,-80.91,64.41,0,0
15/11/2018 13:00:29,13.63,-5.839582,-35.201274,22.50,0.00,0.00,0.00,64.93,0.48,-141.48,-8.26,-5.49,51.59,32.40,1004.14,143.72,14.70,-38.15,253.94,0.00,-0.00,-0.00,64.83,-82.57,64.83,0,0
15/11/2018 13:00:30,13.96,-5.839582,-35.201274,22.50,0.00,0.00,0.00,64.93,0.48,-141.63,-8.20,-5.33,51.66,32.40,1004.05,143.47,14.70,-38.15,253.94,-0.00,-0.00,-0.01,63.98,-81.74,63.98,0,0
15/11/2018 13:00:30,14.32,-5.839582,-35.201274,22.50,0.00,0.00,0.00,64.93,0.48,-141.69,-8.55,-5.49,51.05,32.40,1003.98,144.56,15.71,-39.15,254.97,-0.00,-0.00,-0.01,65.25,-81.74,65.25,0,0
15/11/2018 13:00:30,14.67,-5.839582,-35.201274,22.50,0.00,0.00,0.00,64.93,0.48,-141.38,-8.18,-5.04,51.83,32.40,1003.99,143.72,15.71,-39.15,256.00,-0.00,0.01,-0.01,63.98,-82.16,63.98,0,0
15/11/2018 13:00:31,15.01,-5.839580,-35.201274,22.50,0.00,0.00,0.00,64.93,0.48,-141.46,-8.42,-5.45,51.39,32.40,1004.02,144.22,15.71,-39.15,254.97,-0.00,-0.01,-0.02,65.25,-82.57,65.25,0,0
15/11/2018 13:00:31,15.36,-5.839580,-35.201274,22.50,0.00,0.00,0.00,64.93,0.48,-141.47,-8.36,-5.34,51.42,32.40,1003.99,143.72,13.69,-37.15,256.00,-0.00,-0.00,-0.01,64.83,-82.16,64.83,0,0
15/11/2018 13:00:32,15.72,-5.839580,-35.201278,22.50,0.00,0.00,0.00,64.93,0.48,-141.62,-8.25,-5.32,50.48,32.40,1004.02,144.22,19.77,-36.14,252.91,0.00,-0.03,-0.01,65.25,-80.08,65.25,0,0
15/11/2018 13:00:32,16.06,-5.839580,-35.201278,22.50,0.00,0.00,0.00,64.93,0.48,-141.30,-8.38,-5.53,52.71,32.40,1003.99,144.22,15.71,-38.15,252.91,0.00,0.00,-0.01,63.14,-82.57,63.14,0,0
15/11/2018 13:00:32,16.41,-5.839580,-35.201278,22.50,0.00,0.00,0.00,64.93,0.48,-141.77,-8.53,-5.57,51.14,32.40,1004.11,144.22,15.71,-38.15,253.94,-0.00,-0.01,-0.01,65.25,-81.74,65.25,0,0
15/11/2018 13:00:33,16.75,-5.839580,-35.201282,22.50,0.00,0.00,0.00,64.93,0.48,-141.45,-8.35,-5.42,52.19,32.40,1004.02,143.97,15.71,-38.15,254.97,0.00,-0.01,-0.02,63.56,-82.57,63.56,0,0
15/11/2018 13:00:33,17.11,-5.839580,-35.201282,0.00,0.00,0.00,0.00,64.93,0.48,-141.75,-8.29,-5.23,52.04,32.40,1004.02,143.47,16.73,-38.15,254.97,-0.00,0.01,-0.00,63.56,-82.16,63.56,0,0
15/11/2018 13:00:34,17.46,-5.839578,-35.201286,0.00,0.00,0.00,0.00,64.93,0.48,-141.65,-8.38,-4.96,51.74,32.40,1003.99,145.06,15.71,-38.15,254.97,-0.00,0.00,-0.01,64.41,-82.16,64.41,0,0
15/11/2018 13:00:34,17.80,-5.839578,-35.201286,0.00,0.00,0.00,0.00,3.60,1.06,-141.48,-8.30,-5.38,51.04,32.40,1003.95,143.97,15.71,-39.15,253.94,0.00,0.00,-0.01,65.25,-81.33,65.25,0,0
15/11/2018 13:00:34,18.15,-5.839578,-35.201286,0.00,0.00,0.00,0.00,3.60,1.06,-141.29,-8.38,-5.22,51.17,32.40,1004.05,143.97,14.70,-38.15,254.97,-0.00,0.01,-0.01,64.83,-81.33,64.83,0,0
15/11/2018 13:00:35,18.49,-5.839577,-35.201286,0.00,0.00,0.00,0.00,3.60,1.06,-141.25,-8.32,-5.23,51.43,32.40,1004.08,143.97,13.69,-38.15,256.00,-0.00,0.00,-0.01,64.41,-81.74,64.41,0,0
15/11/2018 13:00:35,18.83,-5.839577,-35.201286,0.00,0.00,0.00,0.00,3.60,1.06,-141.44,-8.10,-5.22,51.85,32.40,1004.02,143.47,14.70,-39.15,254.97,0.00,0.00,-0.01,63.98,-82.57,63.98,0,0
15/11/2018 13:00:36,19.18,-5.839577,-35.201286,0.00,0.00,0.00,0.00,3.60,1.06,-141.61,-8.55,-5.31,51.55,32.40,1004.02,144.22,14.70,-37.15,253.94,-0.00,-0.00,-0.01,64.41,-82.16,64.41,0,0
15/11/2018 13:00:36,19.52,-5.839577,-35.201286,0.00,0.00,0.00,0.00,143.03,1.02,-141.59,-8.29,-5.03,50.93,32.40,1004.02,143.72,14.70,-38.15,252.91,-0.00,-0.01,-0.01,65.68,-81.74,65.68,0,0
15/11/2018 13:00:36,19.86,-5.839577,-35.201286,22.50,0.00,0.00,0.00,143.03,1.02,-141.61,-8.19,-5.46,50.86,32.40,1003.99,143.97,12.67,-37.15,254.97,-0.00,-0.01,-0.01,65.25,-80.91,65.25,0,0
15/11/2018 13:00:37,20.21,-5.839578,-35.201286,22.50,0.00,0.00,0.00,143.03,1.02,-141.41,-8.15,-5.31,51.48,32.40,1004.02,143.47,13.69,-38.15,253.94,-0.00,-0.00,-0.01,64.83,-82.57,64.83,0,0
15/11/2018 13:00:37,20.56,-5.839578,-35.201286,22.50,0.00,0.00,0.00,143.03,1.02,-141.51,-8.56,-5.25,51.76,32.50,1004.05,143.97,15.71,-39.15,254.97,-0.00,0.00,-0.00,63.56,-81.74,63.56,0,0
15/11/2018 13:00:37,20.90,-5.839578,-35.201286,22.50,0.00,0.00,0.00,143.03,1.02,-141.34,-8.12,-4.73,51.38,32.50,1004.08,143.72,14.70,-39.15,252.91,0.00,0.00,-0.01,63.98,-80.91,63.98,0,0
15/11/2018 13:00:38,21.24,-5.839580,-35.201286,22.50,0.00,0.00,0.00,155.37,0.76,-138.17,-8.27,-4.35,51.57,32.50,1004.02,143.72,13.69,-39.15,256.00,0.00,-0.01,-0.00,64.41,-82.16,64.41,0,0
15/11/2018 13:00:38,21.58,-5.839580,-35.201286,22.50,0.00,0.00,0.00,155.37,0.76,-139.44,-8.10,-5.05,50.33,32.50,1004.05,143.72,12.67,-37.15,254.97,0.00,0.04,-0.00,65.68,-80.50,65.68,0,0
15/11/2018 13:00:39,21.92,-5.839582,-35.201286,22.50,0.00,0.00,0.00,155.37,0.76,-139.91,-8.40,-5.10,50.98,32.50,1004.02,143.72,14.70,-38.15,254.97,0.00,-0.01,-0.01,64.41,-80.50,64.41,0,0
15/11/2018 13:00:39,22.27,-5.839582,-35.201286,22.50,0.00,0.00,0.00,155.37,0.76,-140.50,-8.33,-5.36,51.76,32.50,1003.96,143.47,14.70,-37.15,253.94,0.00,-0.01,-0.01,63.98,-82.16,63.98,0,0
15/11/2018 13:00:39,22.61,-5.839582,-35.201286,22.50,0.00,0.00,0.00,155.37,0.76,-141.05,-7.98,-5.36,51.16,32.50,1004.05,143.97,16.73,-37.15,248.79,0.01,-0.01,-0.01,64.83,-81.33,64.83,0,0
15/11/2018 13:00:39,22.95,-5.839582,-35.201286,22.50,0.00,0.00,0.00,155.37,0.76,-141.20,-8.48,-5.38,50.12,32.50,1003.99,144.22,14.70,-38.15,254.97,0.00,-0.00,-0.00,66.10,-79.67,66.10,0,0
15/11/2018 13:00:39,23.30,-5.839582,-35.201286,22.50,0.00,0.00,0.00,155.37,0.76,-141.10,-8.46,-5.50,50.96,32.50,1004.11,143.72,14.70,-37.15,253.94,-0.01,-0.00,-0.01,64.83,-80.91,64.83,0,0
15/11/2018 13:00:41,23.64,-5.839590,-35.201286,22.50,0.00,0.00,0.00,155.37,0.76,-141.08,-8.27,-5.30,51.14,32.50,1004.17,143.72,15.71,-38.15,254.97,0.00,-0.00,-0.01,65.25,-81.74,65.25,0,0
15/11/2018 13:00:41,23.99,-5.839590,-35.201286,22.50,0.00,0.00,0.00,155.37,0.76,-141.24,-8.14,-5.16,51.71,32.50,1004.08,143.47,14.70,-39.15,256.00,0.00,-0.00,-0.01,63.56,-81.33,63.56,0,0
15/11/2018 13:00:42,24.33,-5.839593,-35.201282,22.50,0.00,0.00,0.00,155.37,0.76,-141.56,-8.37,-5.33,51.41,32.50,1004.08,143.22,13.69,-37.15,256.00,-0.00,-0.01,0.00,64.41,-81.74,64.41,0,0
15/11/2018 13:00:42,24.67,-5.839593,-35.201282,22.50,0.00,0.00,0.00,170.93,1.67,-141.43,-8.26,-5.24,51.31,32.50,1004.11,143.72,15.71,-38.15,254.97,-0.01,-0.01,-0.01,64.83,-82.16,64.83,0,0
15/11/2018 13:00:42,25.02,-5.839593,-35.201282,22.50,0.00,0.00,0.00,170.93,1.67,-141.54,-8.40,-5.53,51.00,32.50,1004.05,143.72,14.70,-38.15,254.97,0.00,-0.01,-0.00,65.25,-81.33,65.25,0,0
15/11/2018 13:00:43,25.35,-5.839593,-35.201282,22.50,0.00,0.00,0.00,170.93,1.67,-141.22,-8.38,-5.45,51.66,32.50,1004.05,143.97,14.70,-38.15,254.97,-0.00,0.00,-0.01,63.98,-81.74,63.98,0,0
15/11/2018 13:00:43,25.70,-5.839593,-35.201282,22.50,0.00,0.00,0.00,170.93,1.67,-141.35,-8.39,-5.64,51.65,32.50,1004.08,143.47,16.73,-37.15,254.97,-0.00,0.00,-0.01,63.56,-81.33,63.56,0,0
15/11/2018 13:00:44,26.05,-5.839592,-35.201282,22.50,0.00,0.00,0.00,170.93,1.67,-141.32,-8.31,-5.57,51.26,32.50,1004.02,143.22,15.71,-37.15,250.85,-0.00,-0.00,-0.01,64.83,-81.33,64.83,0,0
15/11/2018 13:00:44,26.39,-5.839592,-35.201282,22.50,0.00,0.00,0.00,187.59,0.31,-141.40,-8.21,-5.35,50.37,32.50,1004.05,143.72,14.70,-38.15,256.00,0.00,-0.00,-0.00,66.10,-80.50,66.10,0,0
15/11/2018 13:00:44,26.73,-5.839592,-35.201282,22.50,0.00,0.00,0.00,187.59,0.31,-141.30,-9.80,-4.88,51.10,32.50,1004.08,143.47,12.67,-28.11,239.52,-0.26,-0.02,-0.00,64.83,-80.50,64.83,0,0
15/11/2018 13:00:45,27.08,-5.839590,-35.201286,22.50,0.00,0.00,0.00,187.59,0.31,-140.73,-7.28,-6.45,50.91,32.50,1004.02,143.47,11.66,-27.11,235.40,0.08,0.00,-0.04,64.83,-80.50,64.83,0,0
15/11/2018 13:00:45,27.42,-5.839590,-35.201286,22.50,0.00,0.00,0.00,187.59,0.31,-141.02,-7.31,-3.60,51.44,32.50,1004.11,143.22,15.71,-38.15,254.97,-0.00,-0.02,-0.01,64.83,-81.33,64.83,0,0
15/11/2018 13:00:46,27.76,-5.839587,-35.201286,22.50,0.00,0.00,0.00,187.59,0.31,-141.01,-8.05,-5.89,50.85,32.50,1004.08,143.97,19.77,-39.15,250.85,0.01,-0.01,-0.01,65.68,-81.33,65.68,0,0
15/11/2018 13:00:46,28.11,-5.839587,-35.201286,22.50,0.00,0.00,0.00,98.77,0.61,-141.10,-8.33,-5.55,52.02,32.60,1004.02,143.47,13.69,-37.15,253.94,0.00,0.01,-0.01,63.98,-82.16,63.98,0,0
15/11/2018 13:00:46,28.45,-5.839587,-35.201286,0.00,0.00,0.00,0.00,98.77,0.61,-141.12,-10.93,-5.33,50.54,32.60,1004.02,143.72,2.53,-9.04,184.92,-0.30,0.01,-0.03,64.41,-79.25,64.41,0,0
15/11/2018 13:00:47,28.82,-5.839583,-35.201282,22.50,0.00,0.00,0.00,98.77,0.61,-140.74,-7.66,-5.76,50.22,32.60,1004.11,143.72,15.71,-38.15,252.91,0.00,-0.01,-0.01,66.10,-80.50,66.10,0,0
15/11/2018 13:00:47,29.15,-5.839583,-35.201282,22.50,0.00,0.00,0.00,98.77,0.61,-140.80,-8.19,-5.35,51.01,32.60,1004.11,144.72,14.70,-38.15,256.00,-0.00,-0.00,-0.00,64.41,-80.50,64.41,0,0
15/11/2018 13:00:48,29.50,-5.839578,-35.201278,22.50,0.00,0.00,0.00,98.77,0.61,-140.92,-8.39,-5.48,51.27,32.60,1004.11,143.47,13.69,-37.15,254.97,-0.01,0.00,-0.01,64.83,-81.74,64.83,0,0
15/11/2018 13:00:48,29.84,-5.839578,-35.201278,22.50,0.00,0.00,0.00,97.77,1.17,-141.02,-8.19,-5.43,51.01,32.60,1003.99,143.72,15.71,-38.15,252.91,0.01,0.00,-0.01,64.41,-80.50,64.41,0,0
15/11/2018 13:00:49,30.19,-5.839577,-35.201274,22.50,0.00,0.00,0.00,97.77,1.17,-141.13,-8.34,-5.55,50.87,32.60,1003.99,143.72,15.71,-38.15,254.97,0.00,-0.00,-0.01,64.83,-80.50,64.83,0,0
15/11/2018 13:00:49,30.54,-5.839577,-35.201274,0.00,0.00,0.00,0.00,97.77,1.17,-140.97,-8.30,-5.35,51.02,32.60,1004.02,143.22,14.70,-37.15,253.94,0.00,-0.00,-0.01,64.83,-80.91,64.83,0,0
15/11/2018 13:00:49,30.89,-5.839577,-35.201274,0.00,0.00,0.00,0.00,97.77,1.17,-141.17,-8.55,-5.52,50.81,32.60,1004.05,143.22,13.69,-38.15,254.97,0.00,-0.01,-0.00,65.25,-80.91,65.25,0,0
15/11/2018 13:00:49,31.26,-5.839577,-35.201274,0.00,0.00,0.00,0.00,97.77,1.17,-141.22,-8.20,-5.27,51.33,32.60,1004.05,143.97,15.71,-38.15,254.97,-0.00,0.00,-0.01,63.56,-80.50,63.56,0,0
15/11/2018 13:00:49,31.63,-5.839577,-35.201274,0.00,0.00,0.00,0.00,97.77,1.17,-141.33,-7.96,-5.76,51.83,32.60,1004.02,143.97,16.73,-39.15,254.97,-0.00,-0.00,-0.01,64.41,-82.57,64.41,0,0
15/11/2018 13:00:51,31.98,-5.839572,-35.201271,0.00,0.00,0.00,0.00,181.87,0.70,-141.54,-8.01,-5.47,51.42,32.60,1003.99,143.47,16.73,-38.15,254.97,0.01,-0.01,-0.01,64.41,-81.33,64.41,0,0
15/11/2018 13:00:51,32.31,-5.839572,-35.201271,0.00,0.00,0.00,0.00,181.87,0.70,-141.52,-9.14,-4.66,51.36,32.60,1004.14,143.97,15.71,-38.15,253.94,-0.00,-0.01,-0.01,64.83,-82.16,64.83,0,0
15/11/2018 13:00:51,32.66,-5.839572,-35.201271,0.00,0.00,0.00,0.00,181.87,0.70,-141.25,-8.25,-4.49,50.85,32.60,1004.08,144.22,13.69,-37.15,257.03,-0.01,0.03,-0.01,65.68,-81.33,65.68,0,0
15/11/2018 13:00:52,33.02,-5.839570,-35.201274,22.50,0.00,0.00,0.00,181.87,0.70,-141.09,-8.21,-5.44,51.31,32.60,1004.02,143.97,15.71,-38.15,256.00,0.00,0.00,-0.01,64.41,-81.33,64.41,0,0
15/11/2018 13:00:52,33.36,-5.839570,-35.201274,22.50,0.00,0.00,0.00,181.87,0.70,-141.18,-8.10,-5.34,50.83,32.60,1004.02,143.97,15.71,-38.15,254.97,0.00,-0.00,-0.01,65.68,-81.33,65.68,0,0
15/11/2018 13:00:53,33.73,-5.839567,-35.201274,22.50,0.00,0.00,0.00,181.87,0.70,-141.06,-8.33,-5.45,51.25,32.60,1003.96,143.22,14.70,-38.15,252.91,0.00,-0.01,-0.01,64.41,-80.91,64.41,0,0
15/11/2018 13:00:53,34.09,-5.839567,-35.201274,22.50,0.00,0.00,0.00,181.87,0.70,-141.21,-8.19,-5.56,51.26,32.60,1003.99,144.22,14.70,-37.15,253.94,0.01,-0.01,-0.01,64.83,-81.74,64.83,0,0
15/11/2018 13:00:53,34.44,-5.839567,-35.201274,22.50,0.00,0.00,0.00,181.87,0.70,-141.34,-8.38,-5.26,51.13,32.60,1004.05,143.72,13.69,-37.15,256.00,-0.01,0.00,-0.01,64.83,-81.33,64.83,0,0
15/11/2018 13:00:54,34.78,-5.839565,-35.201278,22.50,0.00,0.00,0.00,307.63,1.09,-141.32,-8.12,-5.08,50.85,32.60,1003.96,144.47,15.71,-38.15,256.00,-0.00,-0.00,-0.01,65.68,-81.74,65.68,0,0
15/11/2018 13:00:54,35.12,-5.839565,-35.201278,22.50,0.00,0.00,0.00,307.63,1.09,-141.11,-8.41,-5.13,51.24,32.60,1004.02,143.97,13.69,-38.15,256.00,-0.01,0.02,-0.01,64.41,-80.91,64.41,0,0
15/11/2018 13:00:55,35.49,-5.839567,-35.201282,22.50,0.00,0.00,0.00,307.63,1.09,-140.97,-8.09,-5.11,51.09,32.60,1003.99,143.97,15.71,-36.14,253.94,-0.00,-0.01,-0.01,64.41,-80.91,64.41,0,0
15/11/2018 13:00:55,35.83,-5.839567,-35.201282,22.50,0.00,0.00,0.00,307.63,1.09,-140.85,-8.28,-5.37,51.86,32.60,1004.05,143.97,15.71,-37.15,253.94,-0.00,0.01,-0.01,63.56,-81.74,63.56,0,0
15/11/2018 13:00:55,36.17,-5.839567,-35.201282,22.50,0.00,0.00,0.00,307.63,1.09,-141.25,-8.51,-4.67,51.96,32.60,1004.05,143.22,12.67,-37.15,253.94,-0.00,0.00,-0.01,63.98,-81.33,63.98,0,0
15/11/2018 13:00:56,36.52,-5.839572,-35.201282,22.50,0.00,0.00,0.00,307.63,1.09,-141.35,-7.81,-5.10,51.25,32.60,1004.02,144.22,14.70,-37.15,253.94,0.01,-0.01,-0.00,64.41,-81.33,64.41,0,0
15/11/2018 13:00:56,36.88,-5.839572,-35.201282,22.50,0.00,0.00,0.00,307.63,1.09,-141.28,-8.21,-5.38,51.11,32.60,1004.08,143.72,15.71,-38.15,252.91,-0.00,0.01,-0.00,64.83,-81.33,64.83,0,0
15/11/2018 13:00:57,37.22,-5.839573,-35.201286,22.50,0.00,0.00,0.00,307.63,1.09,-141.06,-8.14,-5.23,50.81,32.60,1004.05,143.72,14.70,-38.15,253.94,-0.00,-0.01,-0.01,65.25,-80.91,65.25,0,0
15/11/2018 13:00:57,37.57,-5.839573,-35.201286,22.50,0.00,0.00,0.00,202.49,0.80,-140.83,-8.29,-5.15,51.65,32.60,1004.08,143.72,14.70,-37.15,252.91,0.00,-0.01,-0.02,63.56,-81.33,63.56,0,0
15/11/2018 13:00:57,37.91,-5.839573,-35.201286,22.50,0.00,0.00,0.00,202.49,0.80,-141.24,-8.29,-4.79,51.23,32.60,1004.11,143.72,14.70,-38.15,254.97,-0.01,0.02,-0.00,64.41,-80.91,64.41,0,0
15/11/2018 13:00:58,38.27,-5.839573,-35.201286,22.50,0.00,0.00,0.00,202.49,0.80,-141.27,-8.16,-5.49,51.11,32.60,1004.05,144.22,15.71,-38.15,254.97,-0.00,0.00,-0.01,64.83,-81.33,64.83,0,0
15/11/2018 13:00:58,38.62,-5.839573,-35.201286,22.50,0.00,0.00,0.00,202.49,0.80,-141.17,-8.15,-5.18,51.74,32.70,1003.99,143.97,15.71,-37.15,252.91,-0.00,-0.01,-0.01,64.83,-82.99,64.83,0,0
15/11/2018 13:00:58,38.96,-5.839573,-35.201286,22.50,0.00,0.00,0.00,202.49,0.80,-141.27,-8.13,-5.58,50.83,32.70,1003.99,143.22,14.70,-38.15,256.00,-0.00,-0.00,-0.00,65.68,-81.33,65.68,0,0
15/11/2018 13:00:59,39.31,-5.839575,-35.201286,22.50,0.00,0.00,0.00,124.45,0.94,-141.19,-8.12,-5.53,51.15,32.70,1004.02,143.97,13.69,-37.15,256.00,0.00,-0.00,-0.01,64.41,-80.91,64.41,0,0
15/11/2018 13:00:59,39.68,-5.839575,-35.201286,22.50,0.00,0.00,0.00,124.45,0.94,-141.40,-8.34,-5.34,50.64,32.70,1003.99,143.97,13.69,-37.15,254.97,-0.01,-0.01,-0.01,65.25,-80.50,65.25,0,0
15/11/2018 13:01:00,40.03,-5.839577,-35.201282,22.50,0.00,0.00,0.00,124.45,0.94,-141.32,-8.35,-5.08,51.63,32.70,1003.96,143.72,13.69,-38.15,254.97,-0.01,-0.00,-0.01,63.56,-81.33,63.56,0,0
15/11/2018 13:01:00,40.38,-5.839577,-35.201282,0.00,0.00,0.00,0.00,124.45,0.94,-141.23,-8.15,-5.27,50.59,32.70,1003.99,143.72,14.70,-37.15,254.97,0.00,-0.00,-0.01,65.25,-80.50,65.25,0,0
15/11/2018 13:01:00,40.74,-5.839577,-35.201282,0.00,0.00,0.00,0.00,124.45,0.94,-141.09,-8.33,-5.29,51.27,32.70,1004.05,143.22,15.71,-38.15,252.91,-0.00,0.00,-0.01,64.83,-81.74,64.83,0,0
15/11/2018 13:01:00,41.08,-5.839577,-35.201282,0.00,0.00,0.00,0.00,124.45,0.94,-141.22,-8.48,-5.57,51.51,32.70,1004.05,143.47,13.69,-38.15,254.97,0.00,-0.01,-0.01,63.98,-81.33,63.98,0,0
15/11/2018 13:01:02,41.43,-5.839577,-35.201282,0.00,0.00,0.00,0.00,124.45,0.94,-141.26,-8.18,-5.41,51.45,32.70,1003.96,143.97,15.71,-39.15,256.00,0.00,0.00,-0.00,64.83,-82.57,64.83,0,0
15/11/2018 13:01:02,41.77,-5.839577,-35.201282,0.00,0.00,0.00,0.00,124.45,0.94,-141.39,-8.34,-5.20,51.38,32.70,1004.02,143.97,15.71,-39.15,256.00,0.00,0.01,-0.01,65.25,-82.57,65.25,0,0
15/11/2018 13:01:02,42.11,-5.839577,-35.201282,0.00,0.00,0.00,0.00,124.45,0.94,-141.31,-8.29,-5.29,50.82,32.70,1004.02,143.72,14.70,-38.15,252.91,0.01,0.00,-0.01,65.25,-80.91,65.25,0,0
15/11/2018 13:01:03,42.46,-5.839580,-35.201282,0.00,0.00,0.00,0.00,124.45,0.94,-141.23,-8.23,-5.52,50.53,32.70,1003.99,143.72,13.69,-37.15,253.94,-0.00,0.02,-0.00,65.25,-80.08,65.25,0,0
15/11/2018 13:01:03,42.80,-5.839580,-35.201282,22.50,0.00,0.00,0.00,130.19,0.93,-140.56,-9.18,-4.88,50.81,32.70,1004.11,142.97,16.73,-38.15,254.97,-0.01,0.02,-0.01,64.41,-81.74,64.41,0,0
15/11/2018 13:01:04,43.14,-5.839580,-35.201278,22.50,0.00,0.00,0.00,130.19,0.93,-140.67,-8.32,-5.11,50.98,32.70,1004.05,143.22,11.66,-40.16,256.00,-0.02,0.01,-0.01,64.83,-80.50,64.83,0,0
15/11/2018 13:01:04,43.49,-5.839580,-35.201278,22.50,0.00,0.00,0.00,130.19,0.93,-141.04,-8.73,-5.16,51.31,32.70,1003.93,143.97,11.66,-41.16,254.97,0.01,-0.02,-0.01,63.56,-80.91,63.56,0,0
15/11/2018 13:01:04,43.84,-5.839580,-35.201278,22.50,0.00,0.00,0.00,130.19,0.93,-141.05,-8.84,-4.62,50.84,32.70,1003.99,143.72,13.69,-38.15,252.91,-0.04,0.03,-0.00,64.83,-81.33,64.83,0,0
15/11/2018 13:01:05,44.19,-5.839582,-35.201282,22.50,0.00,0.00,0.00,130.19,0.93,-140.98,-8.53,-3.91,51.89,32.70,1003.99,143.47,12.67,-35.14,250.85,0.00,0.03,-0.00,63.98,-81.74,63.98,0,0
15/11/2018 13:01:05,44.53,-5.839582,-35.201282,22.50,0.00,0.00,0.00,130.19,0.93,-141.14,-8.41,-5.65,50.86,32.70,1003.99,144.47,15.71,-38.15,254.97,-0.00,-0.00,-0.01,65.25,-80.91,65.25,0,0
15/11/2018 13:01:06,44.88,-5.839580,-35.201282,22.50,0.00,0.00,0.00,236.52,0.54,-141.20,-8.33,-5.10,51.24,32.70,1003.87,144.47,14.70,-38.15,253.94,0.00,0.00,-0.01,65.25,-82.16,65.25,0,0
15/11/2018 13:01:06,45.23,-5.839580,-35.201282,22.50,0.00,0.00,0.00,236.52,0.54,-141.14,-8.14,-5.35,51.64,32.70,1003.93,144.22,14.70,-37.15,254.97,0.00,-0.00,-0.01,63.98,-81.74,63.98,0,0
15/11/2018 13:01:06,45.58,-5.839580,-35.201282,22.50,0.00,0.00,0.00,236.52,0.54,-141.40,-8.53,-5.49,50.97,32.70,1003.96,143.72,14.70,-37.15,253.94,-0.00,0.00,-0.01,65.25,-81.33,65.25,0,0
15/11/2018 13:01:07,45.93,-5.839578,-35.201282,22.50,0.00,0.00,0.00,184.60,0.94,-141.20,-8.56,-5.52,51.45,32.70,1003.96,144.72,15.71,-39.15,253.94,-0.00,-0.00,-0.00,64.41,-81.74,64.41,0,0
15/11/2018 13:01:07,46.27,-5.839578,-35.201282,22.50,0.00,0.00,0.00,184.60,0.94,-141.25,-8.39,-5.51,51.54,32.70,1003.99,144.22,14.70,-37.15,253.94,-0.00,0.00,-0.01,63.56,-80.91,63.56,0,0
15/11/2018 13:01:08,46.63,-5.839580,-35.201286,22.50,0.00,0.00,0.00,184.60,0.94,-141.51,-8.18,-5.54,51.16,32.80,1003.99,144.98,14.70,-37.15,253.94,-0.00,-0.00,-0.01,64.83,-81.33,64.83,0,0
15/11/2018 13:01:08,47.00,-5.839580,-35.201286,22.50,0.00,4.00,0.00,184.60,0.94,-141.46,-8.35,-5.53,51.32,32.70,1004.02,143.72,13.69,-37.15,254.97,-0.00,-0.00,-0.01,64.41,-81.33,64.41,0,0
15/11/2018 13:01:08,47.33,-5.839580,-35.201286,22.50,0.00,90.00,0.00,184.60,0.94,-141.42,-8.23,-5.28,51.31,32.70,1003.93,144.22,14.70,-37.15,252.91,-0.00,-0.01,-0.01,65.25,-82.57,65.25,0,0
15/11/2018 13:01:09,47.68,-5.839578,-35.201282,22.50,0.00,63.00,0.00,184.60,0.94,-141.39,-8.24,-5.10,51.21,32.70,1003.93,144.72,13.69,-37.15,254.97,0.00,-0.00,-0.00,63.98,-80.50,63.98,0,0
15/11/2018 13:01:09,48.03,-5.839578,-35.201282,22.50,0.00,0.00,0.00,184.60,0.94,-141.39,-8.16,-5.28,51.61,32.70,1004.11,143.72,15.71,-38.15,254.97,-0.00,-0.00,-0.01,63.98,-81.74,63.98,0,0
15/11/2018 13:01:10,48.39,-5.839575,-35.201286,22.50,0.00,-36.00,0.00,184.60,0.94,-141.47,-8.29,-5.29,51.49,32.70,1004.05,143.97,14.70,-36.14,253.94,0.00,0.00,-0.00,64.83,-82.16,64.83,0,0
15/11/2018 13:01:10,48.73,-5.839575,-35.201286,22.50,0.00,-90.00,0.00,184.60,0.94,-141.48,-8.09,-5.12,50.97,32.70,1004.02,143.72,14.70,-38.15,253.94,-0.00,-0.00,-0.00,65.68,-81.74,65.68,0,0
15/11/2018 13:01:10,49.08,-5.839575,-35.201286,22.50,0.00,-23.00,0.00,184.60,0.94,-141.35,-8.32,-5.33,51.35,32.80,1003.99,143.47,15.71,-37.15,256.00,0.00,-0.00,-0.00,63.98,-80.91,63.98,0,0
15/11/2018 13:01:11,49.44,-5.839577,-35.201286,22.50,0.00,0.00,0.00,184.60,0.94,-141.52,-8.34,-5.34,51.53,32.80,1004.05,143.47,14.70,-37.15,256.00,-0.00,-0.00,-0.01,64.41,-81.74,64.41,0,0
15/11/2018 13:01:11,49.78,-5.839577,-35.201286,22.50,0.00,0.00,0.00,184.60,0.94,-141.59,-8.09,-5.67,51.58,32.80,1004.05,144.22,13.69,-37.15,252.91,-0.00,-0.00,-0.01,64.41,-82.16,64.41,0,0
15/11/2018 13:01:11,50.13,-5.839577,-35.201286,22.50,0.00,0.00,0.00,184.60,0.94,-141.72,-8.13,-5.52,51.07,32.80,1004.11,143.97,14.70,-38.15,253.94,0.00,-0.00,-0.01,65.25,-81.74,65.25,0,0
15/11/2018 13:01:12,50.49,-5.839573,-35.201286,0.00,0.00,0.00,0.00,334.88,1.07,-141.67,-8.58,-5.49,51.05,32.80,1004.05,143.97,13.69,-38.15,257.03,-0.00,-0.00,-0.01,64.83,-80.91,64.83,0,0
15/11/2018 13:01:13,50.85,-5.839572,-35.201290,0.00,0.00,0.00,0.00,334.88,1.07,-141.47,-7.99,-4.38,51.24,32.80,1004.02,144.22,14.70,-36.14,252.91,-0.01,-0.02,-0.01,63.98,-80.91,63.98,0,0
15/11/2018 13:01:13,51.21,-5.839572,-35.201290,0.00,0.00,0.00,0.00,334.88,1.07,-141.50,-8.14,-5.89,51.52,32.80,1003.99,144.22,14.70,-39.15,259.09,0.02,-0.01,-0.01,63.98,-80.91,63.98,0,0
15/11/2018 13:01:13,51.56,-5.839572,-35.201290,0.00,0.00,0.00,0.00,334.88,1.07,-141.51,-7.78,-5.39,52.01,32.80,1004.02,143.22,10.65,-19.07,249.82,-0.24,-0.01,0.00,63.14,-79.67,63.14,0,0
15/11/2018 13:01:13,51.93,-5.839572,-35.201290,0.00,0.00,0.00,0.00,334.88,1.07,-141.35,-7.23,-5.18,51.37,32.80,1004.05,143.72,13.69,-39.15,261.15,-0.00,0.04,-0.01,65.25,-82.57,65.25,0,0
15/11/2018 13:01:14,52.28,-5.839570,-35.201290,0.00,0.00,2.00,0.00,174.45,0.98,-141.51,-8.36,-5.27,51.83,32.70,1004.02,143.97,15.71,-39.15,253.94,-0.00,-0.00,-0.01,63.56,-82.16,63.56,0,0
15/11/2018 13:01:15,52.63,-5.839573,-35.201290,0.00,0.00,2.00,0.00,174.45,0.98,-141.58,-8.40,-5.60,51.28,32.70,1004.11,143.97,15.71,-38.15,258.06,-0.00,-0.03,-0.01,65.25,-82.16,65.25,0,0
15/11/2018 13:01:15,53.00,-5.839573,-35.201290,0.00,0.00,2.00,0.00,174.45,0.98,-141.59,-8.01,-7.42,51.57,32.70,1004.02,143.97,20.78,-62.24,341.51,0.40,0.23,-0.18,62.71,-82.99,62.71,0,0
15/11/2018 13:01:15,53.35,-5.839573,-35.201290,22.50,0.00,4.00,0.00,174.45,0.98,-120.62,-1.04,-11.16,34.73,32.70,1003.96,143.97,-1.52,25.10,229.22,0.45,0.01,-0.99,83.47,-56.43,83.47,0,0
15/11/2018 13:01:16,53.70,-5.839577,-35.201290,22.50,0.00,4.00,0.00,174.45,0.98,-96.54,10.55,-3.03,14.03,32.70,1003.99,143.97,90.74,53.21,233.34,-0.28,-0.05,-1.50,104.66,-20.33,104.66,0,0
15/11/2018 13:01:16,54.05,-5.839577,-35.201290,22.50,0.00,2.00,0.00,174.45,0.98,-62.16,9.49,-6.28,-22.85,32.70,1003.99,144.98,35.99,-4.02,236.43,-0.06,-0.07,-1.82,107.63,53.11,107.63,0,0
15/11/2018 13:01:17,54.39,-5.839578,-35.201297,22.50,0.00,6.00,0.00,174.45,0.98,-22.38,-4.94,5.34,-65.98,32.70,1003.96,144.47,-60.32,-64.25,231.28,0.48,0.57,-1.92,55.51,120.33,55.51,0,0
15/11/2018 13:01:17,54.75,-5.839578,-35.201297,22.50,0.00,9.00,0.00,174.45,0.98,-7.73,-11.76,9.22,-86.02,32.70,1003.96,144.22,-38.02,-8.03,141.65,0.13,-0.39,-0.50,13.98,137.34,13.98,0,0
15/11/2018 13:01:17,55.09,-5.839578,-35.201297,22.50,0.00,6.00,0.00,174.45,0.98,-3.17,-7.12,8.32,-89.34,32.70,1003.96,144.47,-1.52,11.04,213.76,-0.02,-0.07,-0.02,4.66,138.59,4.66,0,0
15/11/2018 13:01:18,55.46,-5.839573,-35.201305,22.50,0.00,9.00,0.00,174.45,0.98,-2.79,-2.51,2.69,-87.16,32.70,1004.11,143.97,-35.99,-6.02,286.91,-0.29,-0.20,0.04,6.78,133.20,6.78,0,0
15/11/2018 13:01:18,55.82,-5.839573,-35.201305,22.50,0.00,6.00,0.00,174.45,0.98,-8.14,-3.18,3.89,-81.54,32.70,1004.08,143.47,-25.85,-30.12,268.36,0.07,-0.03,0.22,16.95,129.05,16.95,0,0
15/11/2018 13:01:18,56.16,-5.839573,-35.201305,22.50,0.00,9.00,0.00,174.45,0.98,-6.58,-4.35,-8.78,-80.17,32.70,1004.05,142.97,7.60,-7.03,264.24,0.07,-0.31,-0.28,22.03,132.37,22.03,0,0
15/11/2018 13:01:19,56.51,-5.839562,-35.201309,22.50,0.00,4.00,0.00,304.30,2.69,-13.80,-4.08,2.79,-77.73,32.70,1004.02,143.22,17.74,-8.03,281.75,-0.85,0.63,0.39,29.24,134.44,29.24,0,0
15/11/2018 13:01:19,56.86,-5.839562,-35.201309,22.50,0.00,4.00,0.00,304.30,2.69,-12.71,1.70,-9.57,-78.70,32.70,1004.14,143.47,11.66,-11.04,239.52,0.27,-0.85,-0.08,28.39,131.12,28.39,0,0
15/11/2018 13:01:20,57.21,-5.839558,-35.201313,22.50,0.00,6.00,0.00,304.30,2.69,-14.16,-3.50,-1.23,-77.49,32.70,1004.08,143.47,-6.59,-15.06,275.57,-0.06,0.00,0.08,27.97,130.29,27.97,0,0
15/11/2018 13:01:20,57.56,-5.839558,-35.201313,22.50,0.00,4.00,0.00,304.30,2.69,-15.11,-2.06,0.63,-76.30,32.70,1004.05,143.47,0.51,-11.04,251.88,-0.02,0.42,0.10,32.20,131.54,32.20,0,0
15/11/2018 13:01:20,57.90,-5.839558,-35.201313,22.50,0.00,4.00,0.00,304.30,2.69,-15.57,-2.76,-3.26,-74.58,32.70,1004.02,143.22,5.58,-13.05,258.06,0.01,-0.08,0.04,37.71,130.29,37.71,0,0
15/11/2018 13:01:21,58.24,-5.839557,-35.201309,22.50,0.00,2.00,0.00,244.31,0.43,-14.11,-2.53,-1.14,-75.14,32.70,1004.05,143.72,45.12,-32.13,273.51,-0.02,0.07,-0.26,34.32,129.88,34.32,0,0
15/11/2018 13:01:22,58.61,-5.839557,-35.201309,22.50,0.00,2.00,0.00,244.31,0.43,-5.20,-3.95,-3.88,-83.14,32.70,1004.08,143.47,-14.70,-14.05,252.91,-0.03,-0.02,-0.33,19.92,129.88,19.92,0,0
15/11/2018 13:01:22,58.95,-5.839557,-35.201309,22.50,0.00,2.00,0.00,244.31,0.43,-7.23,-3.32,-3.66,-81.55,32.70,1004.11,142.97,3.55,-15.06,242.61,0.00,-0.12,-0.03,16.53,129.05,16.53,0,0
15/11/2018 13:01:22,59.30,-5.839557,-35.201309,22.50,0.00,2.00,0.00,244.31,0.43,-7.30,-4.60,2.72,-82.71,32.70,1003.99,143.22,6.59,-20.08,261.15,-0.01,0.40,0.01,18.22,129.46,18.22,0,0
15/11/2018 13:01:22,59.64,-5.839557,-35.201309,22.50,0.00,2.00,0.00,244.31,0.43,-5.08,-3.71,-7.42,-84.24,32.70,1004.05,142.97,-6.59,-18.07,257.03,0.01,-0.20,-0.13,14.83,130.71,14.83,0,0
15/11/2018 13:01:23,60.00,-5.839555,-35.201305,22.50,0.00,2.00,0.00,115.70,1.04,-5.90,-3.15,1.87,-84.01,32.70,1004.14,143.47,8.62,-16.06,260.12,-0.00,0.02,0.04,12.29,130.71,12.29,0,0
15/11/2018 13:01:24,60.34,-5.839555,-35.201305,22.50,0.00,2.00,0.00,115.70,1.04,-5.60,-4.37,-1.56,-85.86,32.70,1004.08,142.97,-21.80,-13.05,254.97,0.01,0.12,-0.05,11.02,130.71,11.02,0,0
15/11/2018 13:01:24,60.69,-5.839555,-35.201305,22.50,0.00,4.00,0.00,115.70,1.04,-6.80,-1.98,-3.36,-81.98,32.70,1004.14,143.47,3.55,-12.05,249.82,0.05,-0.08,0.06,16.95,132.78,16.95,0,0
15/11/2018 13:01:24,61.06,-5.839555,-35.201305,0.00,0.00,2.00,0.00,115.70,1.04,-9.47,-2.51,-1.85,-81.31,32.70,1004.14,143.47,-2.53,-12.05,258.06,0.01,-0.03,0.10,19.92,132.37,19.92,0,0
15/11/2018 13:01:25,61.40,-5.839553,-35.201305,112.50,0.00,4.00,0.00,115.70,1.04,-11.60,-2.30,-2.01,-79.02,32.70,1004.08,142.97,-0.51,-13.05,258.06,0.04,0.06,0.11,25.85,131.95,25.85,0,0
15/11/2018 13:01:25,61.75,-5.839553,-35.201305,157.50,0.00,4.00,0.00,115.70,1.04,-13.69,-2.81,-1.40,-77.63,32.70,1004.08,144.22,3.55,-14.05,258.06,-0.03,0.11,0.10,28.81,129.88,28.81,0,0
15/11/2018 13:01:26,62.09,-5.839553,-35.201305,157.50,0.00,0.00,0.00,223.47,0.67,-13.87,-2.57,-2.78,-77.31,32.70,1004.05,143.22,4.56,-12.05,251.88,-0.01,-0.07,0.03,31.36,130.71,31.36,0,0
15/11/2018 13:01:26,62.46,-5.839553,-35.201305,112.50,0.00,0.00,0.00,223.47,0.67,-14.22,-2.40,-3.48,-76.53,32.70,1003.99,143.22,-2.53,-13.05,260.12,0.04,-0.17,0.01,30.08,129.46,30.08,0,0
15/11/2018 13:01:26,62.81,-5.839553,-35.201305,112.50,0.00,0.00,0.00,223.47,0.67,-15.33,-3.07,0.70,-75.52,32.70,1004.17,142.71,0.51,-13.05,261.15,-0.03,0.36,0.07,33.47,128.63,33.47,0,0
15/11/2018 13:01:27,63.16,-5.839553,-35.201305,112.50,0.00,0.00,0.00,223.47,0.67,-15.69,-2.33,-3.24,-75.23,32.70,1004.17,142.97,4.56,-12.05,247.76,0.02,-0.11,0.03,35.59,129.05,35.59,0,0
15/11/2018 13:01:27,63.51,-5.839553,-35.201305,112.50,0.00,0.00,0.00,223.47,0.67,-16.54,-2.69,-3.11,-73.49,32.70,1004.08,142.97,-0.51,-14.05,263.21,0.03,-0.15,0.03,38.14,126.97,38.14,0,0
15/11/2018 13:01:28,63.84,-5.839552,-35.201309,112.50,0.00,0.00,0.00,223.47,0.67,-17.61,-2.46,-1.84,-73.01,32.70,1004.11,143.22,-1.52,-12.05,253.94,-0.01,0.02,0.03,38.56,129.05,38.56,0,0
15/11/2018 13:01:28,64.19,-5.839552,-35.201309,112.50,0.00,0.00,0.00,301.56,0.48,-18.77,-2.85,-1.01,-71.27,32.70,1004.05,143.22,2.53,-13.05,258.06,-0.00,0.16,0.06,44.07,126.14,44.07,0,0
15/11/2018 13:01:28,64.54,-5.839552,-35.201309,112.50,0.00,0.00,0.00,301.56,0.48,-19.66,-2.53,-3.12,-70.68,32.70,1003.96,143.97,1.52,-13.05,252.91,-0.01,-0.15,0.02,45.34,126.97,45.34,0,0
15/11/2018 13:01:29,64.88,-5.839550,-35.201309,112.50,0.00,0.00,0.00,301.56,0.48,-20.70,-3.18,-1.90,-69.63,32.70,1004.08,143.22,-1.52,-12.05,256.00,-0.03,0.02,0.05,46.19,124.90,46.19,0,0
15/11/2018 13:01:29,65.22,-5.839550,-35.201309,157.50,0.00,0.00,0.00,301.56,0.48,-21.51,-1.75,-2.11,-68.26,32.70,1004.02,143.97,0.51,-12.05,256.00,0.07,0.06,0.03,50.42,124.07,50.42,0,0
15/11/2018 13:01:30,65.57,-5.839548,-35.201309,157.50,0.00,0.00,0.00,301.56,0.48,-22.80,-2.98,-2.21,-67.53,32.70,1004.08,143.22,0.51,-13.05,263.21,-0.03,-0.01,0.05,51.27,122.41,51.27,0,0
15/11/2018 13:01:30,65.93,-5.839548,-35.201309,157.50,0.00,0.00,0.00,301.56,0.48,-23.74,-2.69,-2.08,-66.33,32.70,1004.11,143.97,0.51,-13.05,252.91,-0.02,-0.02,0.04,54.66,123.24,54.66,0,0
15/11/2018 13:01:30,66.27,-5.839548,-35.201309,157.50,0.00,0.00,0.00,301.56,0.48,-24.44,-2.72,-2.64,-65.30,32.70,1003.99,143.72,-0.51,-12.05,258.06,-0.00,-0.04,0.01,56.78,122.41,56.78,0,0
15/11/2018 13:01:31,66.61,-5.839547,-35.201313,135.00,0.00,0.00,0.00,301.56,0.48,-25.67,-2.86,-2.12,-64.29,32.70,1004.02,143.72,1.52,-12.05,253.94,-0.01,0.01,0.03,58.47,120.33,58.47,0,0
15/11/2018 13:01:31,66.96,-5.839547,-35.201313,135.00,0.00,0.00,0.00,301.56,0.48,-26.39,-2.32,-1.98,-63.30,32.70,1004.14,143.72,1.52,-13.05,258.06,0.04,0.00,0.03,60.59,118.67,60.59,0,0
15/11/2018 13:01:32,67.31,-5.839552,-35.201313,135.00,0.00,0.00,0.00,301.56,0.48,-26.88,-3.37,-2.69,-63.23,32.70,1003.99,142.71,1.52,-13.05,258.06,-0.08,-0.07,0.01,61.44,119.92,61.44,0,0
15/11/2018 13:01:32,67.64,-5.839552,-35.201313,135.00,0.00,0.00,0.00,295.14,1.00,-27.28,-2.40,-2.94,-62.67,32.70,1004.05,142.97,-1.52,-11.04,253.94,0.01,-0.13,-0.00,61.44,119.92,61.44,0,0
15/11/2018 13:01:32,67.99,-5.839552,-35.201313,135.00,0.00,0.00,0.00,295.14,1.00,-27.62,-2.62,-0.05,-62.64,32.70,1004.05,143.97,2.53,-12.05,261.15,0.03,0.33,0.03,62.71,119.09,62.71,0,0
15/11/2018 13:01:33,68.34,-5.839555,-35.201313,135.00,0.00,0.00,0.00,295.14,1.00,-27.45,-3.16,-3.51,-62.29,32.70,1003.99,144.22,3.55,-13.05,250.85,-0.05,-0.13,-0.02,63.98,117.84,63.98,0,0
15/11/2018 13:01:33,68.69,-5.839555,-35.201313,135.00,0.00,0.00,0.00,295.14,1.00,-27.67,-1.92,-2.45,-61.98,32.70,1004.11,144.72,0.51,-14.05,256.00,0.07,-0.08,-0.01,62.71,117.01,62.71,0,0
15/11/2018 13:01:33,69.04,-5.839555,-35.201313,157.50,0.00,0.00,0.00,295.14,1.00,-27.80,-3.13,-2.11,-62.18,32.70,1004.05,142.97,-1.52,-12.05,260.12,-0.06,0.00,-0.01,62.71,117.84,62.71,0,0
15/11/2018 13:01:34,69.38,-5.839558,-35.201313,157.50,0.00,0.00,0.00,160.02,0.63,-27.80,-2.38,-1.53,-62.39,32.70,1003.99,143.72,2.53,-11.04,251.88,0.02,0.09,-0.00,63.14,119.09,63.14,0,0
15/11/2018 13:01:34,69.72,-5.839558,-35.201313,157.50,0.00,0.00,0.00,160.02,0.63,-27.39,-2.44,-2.80,-62.87,32.70,1004.11,143.72,2.53,-13.05,258.06,0.03,-0.07,-0.02,61.86,118.26,61.86,0,0
15/11/2018 13:01:35,70.07,-5.839558,-35.201313,112.50,0.00,0.00,0.00,160.02,0.63,-26.94,-2.71,-2.49,-63.44,32.70,1004.17,143.47,0.51,-14.05,263.21,0.01,-0.02,-0.03,59.75,118.26,59.75,0,0
15/11/2018 13:01:35,70.41,-5.839558,-35.201313,112.50,0.00,0.00,0.00,160.02,0.63,-26.68,-3.07,-1.60,-64.13,32.70,1004.11,142.97,2.53,-12.05,250.85,-0.04,0.08,-0.01,58.90,119.92,58.90,0,0
15/11/2018 13:01:35,70.76,-5.839558,-35.201313,112.50,0.00,0.00,0.00,160.02,0.63,-26.00,-2.59,-2.35,-64.23,32.70,1004.11,143.97,2.53,-11.04,258.06,0.03,-0.01,-0.02,59.32,119.92,59.32,0,0
15/11/2018 13:01:36,71.10,-5.839560,-35.201313,112.50,0.00,0.00,0.00,169.06,0.59,-25.40,-2.16,-3.34,-64.26,32.70,1004.08,143.72,-0.51,-12.05,254.97,0.05,-0.17,-0.05,58.05,120.33,58.05,0,0
15/11/2018 13:01:36,71.44,-5.839560,-35.201313,112.50,0.00,0.00,0.00,169.06,0.59,-24.97,-3.10,-0.75,-64.19,32.60,1004.14,143.72,-0.51,-14.05,267.33,-0.01,0.19,-0.02,58.05,118.67,58.05,0,0
15/11/2018 13:01:37,71.78,-5.839565,-35.201313,112.50,0.00,0.00,0.00,169.06,0.59,-24.38,-2.85,-2.93,-65.61,32.60,1004.05,143.72,2.53,-11.04,242.61,-0.05,-0.03,-0.04,56.78,122.82,56.78,0,0
15/11/2018 13:01:37,72.13,-5.839565,-35.201313,112.50,0.00,0.00,0.00,169.06,0.59,-23.44,-1.64,-1.89,-66.89,32.60,1004.08,143.47,1.52,-14.05,259.09,0.13,-0.02,-0.04,52.12,120.75,52.12,0,0
15/11/2018 13:01:37,72.47,-5.839565,-35.201313,112.50,0.00,0.00,0.00,169.06,0.59,-22.27,-3.70,-2.61,-67.76,32.60,1004.17,142.71,0.51,-14.05,261.15,-0.08,-0.02,-0.07,50.85,121.99,50.85,0,0
15/11/2018 13:01:38,72.84,-5.839568,-35.201313,112.50,0.00,0.00,0.00,212.51,0.52,-21.30,-2.42,-2.03,-68.16,32.60,1003.99,143.47,1.52,-12.05,251.88,0.02,-0.01,-0.06,50.00,123.65,50.00,0,0
15/11/2018 13:01:38,73.18,-5.839568,-35.201313,112.50,0.00,0.00,0.00,212.51,0.52,-20.32,-2.66,-3.24,-69.45,32.60,1004.14,142.97,-0.51,-11.04,260.12,0.01,-0.16,-0.07,47.03,124.48,47.03,0,0
15/11/2018 13:01:39,73.52,-5.839568,-35.201313,112.50,0.00,0.00,0.00,212.51,0.52,-19.08,-2.42,-1.15,-70.49,32.60,1004.14,143.47,-0.51,-12.05,258.06,0.01,0.09,-0.06,44.49,126.14,44.49,0,0
15/11/2018 13:01:39,73.87,-5.839568,-35.201313,112.50,0.00,0.00,0.00,212.51,0.52,-17.46,-2.59,-2.21,-72.33,32.60,1004.14,143.72,1.52,-13.05,260.12,0.01,-0.00,-0.09,41.53,126.97,41.53,0,0
15/11/2018 13:01:39,74.22,-5.839568,-35.201313,112.50,0.00,0.00,0.00,212.51,0.52,-15.78,-2.90,-2.39,-73.98,32.60,1004.11,142.71,-0.51,-13.05,258.06,-0.04,-0.06,-0.10,36.86,127.80,36.86,0,0
15/11/2018 13:01:39,74.57,-5.839568,-35.201313,112.50,0.00,0.00,0.00,212.51,0.52,-14.44,-2.39,-1.92,-75.47,32.60,1004.08,142.97,1.52,-13.05,256.00,0.05,0.04,-0.06,33.90,129.88,33.90,0,0
15/11/2018 13:01:41,74.92,-5.839577,-35.201320,157.50,0.00,0.00,0.00,219.91,0.67,-12.88,-2.90,-2.47,-76.45,32.60,1004.08,143.22,-0.51,-14.05,259.09,-0.03,-0.03,-0.08,31.78,129.46,31.78,0,0
15/11/2018 13:01:41,75.26,-5.839577,-35.201320,157.50,0.00,0.00,0.00,219.91,0.67,-11.70,-2.66,-2.06,-76.89,32.60,1004.11,142.97,1.52,-13.05,256.00,0.01,-0.00,-0.08,30.51,130.29,30.51,0,0
15/11/2018 13:01:41,75.60,-5.839577,-35.201320,135.00,0.00,0.00,0.00,219.91,0.67,-10.54,-2.69,-1.93,-78.49,32.60,1004.08,143.72,0.51,-12.05,257.03,0.02,0.04,-0.08,27.12,130.29,27.12,0,0
15/11/2018 13:01:41,75.94,-5.839577,-35.201320,135.00,0.00,0.00,0.00,219.91,0.67,-8.60,-3.27,-2.87,-79.87,32.60,1004.05,143.72,1.52,-14.05,257.03,-0.05,-0.07,-0.13,23.73,130.71,23.73,0,0
15/11/2018 13:01:42,76.28,-5.839580,-35.201324,135.00,0.00,0.00,0.00,282.06,0.07,-6.50,-2.04,-2.08,-81.97,32.60,1004.08,143.72,-0.51,-13.05,257.03,0.08,0.02,-0.13,18.22,130.71,18.22,0,0
15/11/2018 13:01:43,76.62,-5.839580,-35.201324,90.00,0.00,-25.00,0.00,282.06,0.07,-4.76,-3.58,-1.81,-84.68,32.60,1004.05,143.72,3.55,-13.05,259.09,-0.08,0.08,-0.10,12.71,130.71,12.71,0,0
15/11/2018 13:01:43,76.97,-5.839580,-35.201324,90.00,0.00,-30.00,21.00,282.06,0.07,-2.50,-2.04,-3.81,-86.16,32.60,1003.86,145.06,3.55,-8.03,252.91,0.07,-0.17,-0.14,9.32,130.29,9.32,0,0
15/11/2018 13:01:43,77.31,-5.839580,-35.201324,112.50,0.00,-25.00,20.00,282.06,0.07,-1.75,-2.29,-2.25,-87.57,32.50,1003.68,146.82,2.53,-4.02,263.21,-0.03,0.13,-0.04,5.08,129.88,5.08,0,0
15/11/2018 13:01:43,77.65,-5.839580,-35.201324,112.50,0.00,-23.00,20.00,282.06,0.07,-0.90,-0.81,-2.32,-89.02,32.50,1003.40,149.16,9.63,-7.03,252.91,-0.03,-0.07,-0.05,3.81,129.88,3.81,0,0
15/11/2018 13:01:44,78.01,-5.839582,-35.201324,112.50,0.00,-25.00,20.00,24.70,0.94,-1.60,-0.56,-2.82,-89.04,32.50,1003.35,149.16,6.59,-7.03,259.09,0.02,0.01,0.04,2.54,129.46,2.54,0,0
15/11/2018 13:01:45,78.36,-5.839578,-35.201324,112.50,0.00,-48.00,20.00,24.70,0.94,-2.19,-1.94,-4.47,-87.69,32.50,1003.44,149.16,-2.53,-4.02,267.33,-0.00,-0.05,0.02,6.36,128.63,6.36,0,0
15/11/2018 13:01:45,78.70,-5.839578,-35.201324,90.00,0.00,-86.00,20.00,24.70,0.94,-0.81,-1.42,-0.99,-87.38,32.50,1003.41,149.42,-3.55,-8.03,261.15,0.02,0.16,-0.13,4.66,130.29,4.66,0,0
15/11/2018 13:01:45,79.08,-5.839578,-35.201324,90.00,0.00,-90.00,20.00,24.70,0.94,6.29,-2.70,-2.04,-93.00,32.50,1003.35,149.58,14.70,-12.05,270.42,-0.09,0.08,-0.39,-5.93,127.80,-5.93,0,0
15/11/2018 13:01:46,79.42,-5.839577,-35.201324,90.00,0.00,-54.00,20.00,332.65,1.50,13.42,-2.03,-6.37,-101.34,32.60,1003.37,148.83,10.65,-11.04,253.94,-0.04,-0.14,-0.35,-22.03,119.92,-22.03,0,0
15/11/2018 13:01:46,79.77,-5.839577,-35.201324,45.00,0.00,-90.00,20.00,332.65,1.50,11.10,-2.69,-3.62,-100.74,32.60,1003.44,149.42,0.51,-11.04,258.06,0.03,0.05,0.17,-22.46,121.16,-22.46,0,0
15/11/2018 13:01:47,80.11,-5.839573,-35.201324,45.00,0.00,-5.00,12.00,332.65,1.50,9.60,-2.91,-1.90,-98.87,32.60,1003.44,148.83,5.58,-16.06,265.27,-0.02,0.10,-0.03,-20.34,123.65,-20.34,0,0
15/11/2018 13:01:47,80.46,-5.839573,-35.201324,45.00,0.00,-90.00,13.00,332.65,1.50,15.49,-4.51,-4.68,-102.63,32.60,1003.47,149.83,4.56,-19.07,266.30,0.03,-0.03,-0.35,-25.42,117.84,-25.42,0,0
15/11/2018 13:01:47,80.79,-5.839573,-35.201324,45.00,0.00,-90.00,13.00,332.65,1.50,22.72,-2.89,-3.07,-109.53,32.70,1003.44,149.83,7.60,1.00,251.88,0.01,-0.17,-0.37,-39.83,109.96,-39.83,0,0
15/11/2018 13:01:48,81.14,-5.839568,-35.201320,45.00,0.00,-90.00,13.00,10.71,1.63,18.76,-2.12,-1.01,-111.44,32.70,1003.26,150.34,44.10,-30.12,266.30,0.02,0.23,0.46,-41.10,108.71,-41.10,0,0
15/11/2018 13:01:48,81.49,-5.839568,-35.201320,22.50,0.00,-90.00,13.00,10.71,1.63,8.24,-2.45,-5.13,-100.84,32.70,1003.32,150.59,-2.53,-6.02,253.94,-0.00,-0.10,0.55,-22.88,121.99,-22.88,0,0
15/11/2018 13:01:49,81.84,-5.839563,-35.201320,22.50,0.00,-90.00,12.00,10.71,1.63,-0.23,-4.05,-2.31,-91.77,32.70,1003.26,149.58,16.73,-23.09,270.42,-0.02,-0.02,0.26,-4.66,126.97,-4.66,0,0
15/11/2018 13:01:49,82.19,-5.839563,-35.201320,67.50,0.00,-90.00,13.00,10.71,1.63,-3.06,-3.29,-3.13,-87.95,32.70,1003.32,150.59,11.66,-10.04,252.91,0.01,-0.03,0.18,6.36,128.63,6.36,0,0
15/11/2018 13:01:49,82.54,-5.839563,-35.201320,67.50,0.00,-90.00,13.00,10.71,1.63,-7.88,-2.00,-3.25,-83.81,32.80,1003.35,149.58,5.58,-2.01,249.82,-0.02,-0.26,0.21,13.98,129.46,13.98,0,0
15/11/2018 13:01:50,82.88,-5.839553,-35.201328,67.50,0.00,-90.00,13.00,10.71,1.63,-10.90,-2.34,-1.27,-80.62,32.80,1003.41,149.08,-0.51,-1.00,252.91,0.06,0.14,0.17,21.61,129.46,21.61,0,0
15/11/2018 13:01:50,83.22,-5.839553,-35.201328,67.50,0.00,-90.00,13.00,10.71,1.63,-13.64,-2.73,-2.51,-77.79,32.80,1003.35,149.58,-0.51,-5.02,254.97,0.06,-0.01,0.13,28.39,128.63,28.39,0,0
15/11/2018 13:01:51,83.57,-5.839550,-35.201328,67.50,0.00,-90.00,13.00,325.89,2.30,-16.26,-2.55,-2.69,-74.17,32.80,1003.35,149.58,-3.55,-12.05,272.48,-0.01,0.06,0.13,36.44,128.63,36.44,0,0
15/11/2018 13:01:51,83.91,-5.839550,-35.201328,0.00,0.00,-90.00,13.00,325.89,2.30,-19.04,-2.73,-2.57,-71.41,32.90,1003.41,149.08,2.53,-19.07,272.48,-0.00,-0.03,0.13,42.80,126.56,42.80,0,0
15/11/2018 13:01:51,84.26,-5.839550,-35.201328,90.00,0.00,-90.00,14.00,325.89,2.30,-21.74,-4.80,-2.06,-69.08,32.90,1003.53,149.33,-7.60,-4.02,258.06,-0.03,0.01,0.12,48.31,123.65,48.31,0,0
15/11/2018 13:01:52,84.61,-5.839545,-35.201332,90.00,0.00,-90.00,14.00,330.52,2.00,-24.68,-2.39,-1.83,-66.00,32.90,1003.41,149.08,-2.53,-14.05,267.33,0.04,-0.04,0.13,52.54,121.16,52.54,0,0
15/11/2018 13:01:52,84.96,-5.839545,-35.201332,112.50,0.00,-90.00,13.00,330.52,2.00,-27.15,-2.60,-2.63,-63.77,32.90,1003.38,149.08,4.56,-5.02,258.06,0.00,-0.02,0.12,58.90,118.26,58.90,0,0
15/11/2018 13:01:53,85.30,-5.839540,-35.201335,112.50,0.00,-90.00,14.00,330.52,2.00,-29.45,-2.13,-2.28,-61.07,32.90,1003.38,148.83,6.59,-15.06,260.12,-0.04,0.00,0.11,65.25,116.60,65.25,0,0
15/11/2018 13:01:53,85.64,-5.839540,-35.201335,0.00,0.00,-90.00,14.00,330.52,2.00,-32.60,-1.97,-1.27,-58.85,32.90,1003.35,149.58,-5.58,-5.02,251.88,-0.01,-0.11,0.12,69.92,113.69,69.92,0,0
15/11/2018 13:01:53,86.01,-5.839540,-35.201335,45.00,0.00,-90.00,0.00,330.52,2.00,-35.75,-3.81,-0.97,-54.33,33.00,1003.44,149.08,-5.58,-11.04,253.94,-0.00,0.03,0.17,76.27,107.05,76.27,0,0
15/11/2018 13:01:54,86.36,-5.839535,-35.201335,90.00,0.00,-90.00,1.00,330.52,2.00,-39.74,-3.40,-1.68,-50.20,33.00,1003.38,148.83,-0.51,-14.05,251.88,-0.08,-0.01,0.14,84.75,102.07,84.75,0,0
15/11/2018 13:01:54,86.69,-5.839535,-35.201335,90.00,0.00,-90.00,0.00,330.52,2.00,-42.01,-3.14,-2.36,-48.08,33.00,1003.35,149.33,-0.51,-14.05,258.06,-0.00,-0.04,0.08,88.14,96.27,88.14,0,0
15/11/2018 13:01:55,87.04,-5.839532,-35.201335,90.00,0.00,-5.00,0.00,330.52,2.00,-43.21,-2.73,-1.32,-46.63,33.00,1003.38,148.83,-2.53,-11.04,252.91,0.02,0.09,-0.01,88.98,93.78,88.98,0,0
15/11/2018 13:01:55,87.38,-5.839532,-35.201335,90.00,0.00,0.00,0.00,330.52,2.00,-37.86,-3.25,-2.32,-49.91,33.00,1003.35,148.83,4.56,-18.07,266.30,0.02,0.08,-0.31,85.59,99.59,85.59,0,0
15/11/2018 13:01:55,87.72,-5.839532,-35.201335,135.00,0.00,0.00,0.00,330.52,2.00,-29.94,-3.44,-4.07,-56.91,33.00,1003.35,149.08,2.53,-15.06,254.97,-0.00,-0.13,-0.43,73.31,109.54,73.31,0,0
15/11/2018 13:01:56,88.09,-5.839530,-35.201339,135.00,0.00,90.00,74.00,330.52,2.00,-23.73,-3.18,-2.57,-63.81,33.00,1003.24,149.08,2.53,-14.05,263.21,-0.01,0.02,-0.30,58.47,118.26,58.47,0,1
15/11/2018 13:01:56,88.45,-5.839530,-35.201339,157.50,0.00,90.00,74.00,330.52,2.00,-18.86,-3.17,-3.49,-68.53,33.00,1003.47,149.58,8.62,19.07,267.33,0.04,0.15,-0.25,48.73,119.92,48.73,0,1
15/11/2018 13:01:56,88.81,-5.839530,-35.201339,135.00,0.00,90.00,86.00,330.52,2.00,-12.14,5.42,-2.90,-75.10,33.10,1003.44,149.08,9.63,8.03,273.51,0.04,0.05,-0.37,34.32,126.56,34.32,0,1
15/11/2018 13:01:57,89.18,-5.839527,-35.201343,112.50,0.00,90.00,74.00,335.25,1.41,-4.46,3.11,-2.20,-82.75,33.10,1003.44,149.75,14.70,-2.01,258.06,0.06,0.05,-0.40,17.37,131.54,17.37,0,1
15/11/2018 13:01:58,89.56,-5.839523,-35.201343,157.50,0.00,90.00,61.00,335.25,1.41,3.91,2.00,-4.29,-90.65,33.10,1003.47,149.08,0.51,6.02,253.94,-0.08,-0.03,-0.41,0.42,132.37,0.42,0,1
15/11/2018 13:01:58,89.92,-5.839523,-35.201343,135.00,0.00,90.00,86.00,335.25,1.41,11.36,-0.74,-4.32,-95.73,33.10,1003.50,149.33,21.80,0.00,261.15,-0.01,0.00,-0.42,-12.29,126.14,-12.29,0,1
15/11/2018 13:01:58,90.29,-5.839523,-35.201343,45.00,0.00,90.00,74.00,335.25,1.41,17.05,0.01,-5.45,-103.48,33.20,1003.44,148.08,20.78,-10.04,250.85,-0.00,0.02,-0.34,-26.69,119.92,-26.69,0,1
15/11/2018 13:01:59,90.67,-5.839517,-35.201347,0.00,0.00,90.00,24.00,335.99,4.02,22.54,-1.21,-4.71,-110.65,33.20,1003.41,148.58,0.51,-6.02,253.94,0.02,-0.09,-0.28,-41.53,112.03,-41.53,0,1
15/11/2018 13:01:59,91.03,-5.839517,-35.201347,45.00,0.00,90.00,0.00,335.99,4.02,27.44,-3.69,-4.49,-115.02,33.20,1003.44,149.58,2.53,-15.06,259.09,-0.10,0.10,-0.25,-47.88,101.24,-47.88,0,1
15/11/2018 13:02:00,91.40,-5.839505,-35.201347,45.00,0.00,90.00,24.00,335.99,4.02,32.63,-4.01,-4.79,-120.55,33.20,1003.50,148.83,16.73,-17.07,256.00,-0.08,0.07,-0.29,-53.39,90.87,-53.39,0,1
15/11/2018 13:02:00,91.77,-5.839505,-35.201347,45.00,0.00,90.00,24.00,335.99,4.02,38.00,-3.54,-3.99,-126.97,33.30,1003.38,148.83,5.58,-15.06,262.18,-0.03,-0.06,-0.27,-61.02,81.74,-61.02,0,1
15/11/2018 13:02:00,92.13,-5.839505,-35.201347,0.00,0.00,90.00,24.00,350.33,4.09,43.60,-2.06,-4.53,-132.70,33.30,1003.56,148.83,11.66,-13.05,253.94,0.02,-0.02,-0.25,-68.22,73.03,-68.22,0,1
15/11/2018 13:02:00,92.51,-5.839505,-35.201347,45.00,0.00,90.00,0.00,350.33,4.09,48.17,-1.40,-3.10,-138.64,33.30,1003.44,148.58,7.60,-8.03,261.15,0.02,0.14,-0.17,-72.03,62.66,-72.03,0,1
15/11/2018 13:02:00,92.87,-5.839505,-35.201347,0.00,0.00,90.00,24.00,350.33,4.09,54.11,-3.77,-3.42,-144.54,33.30,1003.38,148.58,7.60,-20.08,264.24,-0.01,0.06,-0.24,-73.73,52.70,-73.73,0,1
15/11/2018 13:02:02,93.24,-5.839488,-35.201343,0.00,0.00,90.00,0.00,28.41,3.13,60.46,-2.35,-4.71,-150.98,33.40,1003.53,149.08,10.65,-8.03,257.03,0.02,-0.03,-0.27,-75.42,40.66,-75.42,0,1
15/11/2018 13:02:02,93.60,-5.839488,-35.201343,0.00,0.00,90.00,0.00,28.41,3.13,67.44,-2.76,-3.83,-160.53,33.40,1003.50,148.58,0.51,-17.07,263.21,-0.01,-0.09,-0.31,-78.39,27.39,-78.39,0,1
15/11/2018 13:02:03,93.96,-5.839482,-35.201335,45.00,0.00,90.00,0.00,28.41,3.13,76.01,-2.12,-3.66,-168.42,33.40,1003.41,149.08,5.58,-11.04,258.06,-0.02,0.12,-0.28,-79.24,14.94,-79.24,0,1
15/11/2018 13:02:03,94.31,-5.839482,-35.201335,45.00,0.00,0.00,0.00,39.96,2.57,83.07,-0.96,-4.67,-178.04,33.40,1003.44,149.33,3.55,-8.03,262.18,-0.01,-0.09,-0.18,-77.12,1.66,-77.12,0,0
15/11/2018 13:02:03,94.65,-5.839482,-35.201335,90.00,0.00,0.00,0.00,39.96,2.57,85.99,-2.68,-1.99,179.46,33.40,1003.38,149.08,-3.55,-14.05,253.94,-0.06,-0.09,-0.01,-77.97,-1.24,-77.97,0,0
15/11/2018 13:02:04,95.00,-5.839478,-35.201332,90.00,0.00,0.00,0.00,39.96,2.57,87.28,-1.76,-2.58,-178.77,33.40,1003.24,150.50,11.66,-9.04,252.91,0.00,0.03,0.01,-78.39,0.83,-78.39,0,0
15/11/2018 13:02:04,95.36,-5.839478,-35.201332,90.00,0.00,0.00,0.00,39.96,2.57,85.21,-5.25,-3.02,-175.36,33.40,1003.38,148.83,8.62,-14.05,272.48,0.18,0.10,0.10,-77.12,4.98,-77.12,0,0
15/11/2018 13:02:04,95.72,-5.839478,-35.201332,90.00,0.00,0.00,0.00,39.96,2.57,82.89,-3.47,-2.50,-171.82,33.40,1003.38,149.33,3.55,-15.06,271.45,-0.12,-0.12,0.06,-77.97,9.96,-77.97,0,0
15/11/2018 13:02:04,96.07,-5.839478,-35.201332,90.00,0.00,0.00,0.00,39.96,2.57,80.39,-4.53,-0.97,-168.93,33.50,1003.35,149.08,-0.51,-14.05,264.24,-0.03,-0.01,0.07,-80.93,14.94,-80.93,0,0
15/11/2018 13:02:06,96.40,-5.839473,-35.201320,90.00,0.00,-63.00,0.00,75.56,3.26,78.28,-2.28,-1.76,-166.33,33.50,1003.35,149.58,0.51,-13.05,258.06,0.05,0.02,0.05,-80.08,18.67,-80.08,0,0
15/11/2018 13:02:06,96.75,-5.839473,-35.201320,90.00,0.00,-90.00,0.00,75.56,3.26,76.59,-2.63,-2.21,-163.98,33.50,1003.33,149.58,0.51,-14.05,260.12,0.01,-0.04,0.01,-80.08,21.99,-80.08,0,0
15/11/2018 13:02:06,97.10,-5.839473,-35.201320,90.00,0.00,-90.00,30.00,75.56,3.26,75.87,-2.51,-1.96,-164.65,33.50,1003.44,149.75,-1.52,-16.06,269.39,0.04,-0.03,-0.02,-79.66,20.33,-79.66,0,0
15/11/2018 13:02:06,97.43,-5.839473,-35.201320,90.00,0.00,-90.00,29.00,75.56,3.26,75.49,-4.08,-3.10,-163.64,33.50,1003.33,149.58,-3.55,-2.01,265.27,-0.17,-0.06,-0.06,-78.39,21.99,-78.39,0,0
15/11/2018 13:02:07,97.78,-5.839472,-35.201320,90.00,0.00,-90.00,30.00,94.68,0.37,73.37,-0.51,1.74,-162.58,33.50,1003.21,149.58,2.53,-4.02,261.15,0.15,0.11,0.10,-79.66,24.90,-79.66,0,0
15/11/2018 13:02:08,98.13,-5.839472,-35.201316,45.00,0.00,-90.00,29.00,94.68,0.37,70.82,-3.88,1.40,-159.14,33.60,1003.38,149.58,10.65,-16.06,261.15,-0.04,-0.00,0.10,-77.12,29.05,-77.12,0,0
15/11/2018 13:02:08,98.48,-5.839472,-35.201316,45.00,0.00,-90.00,30.00,94.68,0.37,66.16,-4.12,-5.29,-154.91,33.60,1003.33,150.00,-8.62,-11.04,261.15,0.06,-0.32,0.16,-78.81,36.10,-78.81,0,0
15/11/2018 13:02:08,98.83,-5.839472,-35.201316,90.00,0.00,-90.00,30.00,94.68,0.37,58.38,1.55,1.45,-148.20,33.60,1003.33,149.75,-5.58,-11.04,271.45,-0.10,0.37,0.35,-78.81,47.30,-78.81,0,0
15/11/2018 13:02:08,99.17,-5.839472,-35.201316,45.00,0.00,-90.00,29.00,94.68,0.37,48.47,-1.23,-3.31,-135.60,33.60,1003.35,150.00,7.60,-11.04,251.88,0.06,-0.09,0.44,-68.64,68.05,-68.64,0,0
15/11/2018 13:02:09,99.52,-5.839472,-35.201316,67.50,0.00,-90.00,30.00,91.32,0.50,34.41,-1.98,-6.86,-124.20,33.60,1003.24,151.01,-18.76,7.03,251.88,-0.10,-0.41,0.58,-60.59,87.14,-60.59,0,0
15/11/2018 13:02:10,99.86,-5.839470,-35.201316,45.00,0.00,-90.00,30.00,91.32,0.50,18.61,2.02,0.43,-108.85,33.60,1003.24,150.75,-27.88,-1.00,259.09,0.11,0.06,0.74,-41.53,109.96,-41.53,0,0
15/11/2018 13:02:10,100.20,-5.839470,-35.201316,45.00,0.00,-90.00,29.00,91.32,0.50,4.93,-2.47,2.49,-95.69,33.70,1003.33,150.75,0.51,2.01,274.54,0.10,0.04,0.62,-14.41,122.82,-14.41,0,0
15/11/2018 13:02:10,100.55,-5.839470,-35.201316,45.00,0.00,-90.00,29.00,91.32,0.50,-1.83,0.40,-4.62,-88.37,33.70,1003.18,149.75,-0.51,-3.01,261.15,-0.05,-0.20,0.24,4.24,128.22,4.24,0,0
15/11/2018 13:02:10,100.90,-5.839470,-35.201316,45.00,0.00,-90.00,30.00,91.32,0.50,-9.23,-2.07,-1.62,-82.47,33.70,1003.30,150.50,-10.65,-10.04,259.09,-0.03,-0.11,0.32,15.68,129.46,15.68,0,0
15/11/2018 13:02:11,101.25,-5.839465,-35.201313,90.00,0.00,-90.00,30.00,15.05,1.65,-16.68,1.38,-0.10,-76.70,33.70,1003.35,149.58,-6.59,-2.01,265.27,0.05,0.04,0.35,29.24,128.22,29.24,0,0
15/11/2018 13:02:12,101.60,-5.839460,-35.201313,135.00,0.00,-90.00,30.00,15.05,1.65,-22.07,-2.25,0.92,-71.15,33.70,1003.38,149.33,-2.53,-24.09,262.18,0.07,0.08,0.29,41.95,124.48,41.95,0,0
15/11/2018 13:02:12,101.95,-5.839460,-35.201313,135.00,0.00,-90.00,30.00,15.05,1.65,-25.70,-0.13,-0.81,-65.87,33.70,1003.33,149.33,-5.58,-16.06,265.27,-0.06,-0.11,0.19,55.08,119.09,55.08,0,0
15/11/2018 13:02:12,102.29,-5.839460,-35.201313,135.00,0.00,-90.00,30.00,15.05,1.65,-31.17,-0.93,0.92,-60.94,33.80,1003.48,148.74,-8.62,-20.08,257.03,-0.06,0.09,0.28,63.56,113.69,63.56,0,0
15/11/2018 13:02:12,102.63,-5.839460,-35.201313,135.00,0.00,-90.00,30.00,15.05,1.65,-36.01,-0.50,-0.09,-56.77,33.80,1003.35,149.33,-9.63,-1.00,266.30,-0.02,-0.07,0.19,71.19,107.47,71.19,0,0
15/11/2018 13:02:13,102.97,-5.839457,-35.201320,90.00,0.00,-90.00,30.00,335.95,2.93,-39.32,0.56,-0.90,-51.23,33.80,1003.24,149.75,-15.71,-15.06,265.27,0.01,-0.06,0.16,80.08,100.83,80.08,0,0
15/11/2018 13:02:14,103.32,-5.839450,-35.201320,90.00,0.00,-90.00,29.00,335.95,2.93,-44.45,-2.65,0.65,-47.00,33.80,1003.38,149.75,-13.69,-1.00,264.24,-0.14,-0.02,0.25,87.71,93.78,87.71,0,0
15/11/2018 13:02:14,103.67,-5.839450,-35.201320,90.00,0.00,-88.00,30.00,335.95,2.93,-52.27,-0.64,1.16,-39.06,33.80,1003.42,149.00,-14.70,0.00,254.97,-0.04,-0.03,0.32,96.19,80.91,96.19,0,0
15/11/2018 13:02:14,104.02,-5.839450,-35.201320,90.00,0.00,-88.00,30.00,335.95,2.93,-58.32,-3.94,-0.36,-33.10,33.90,1003.48,148.49,-14.70,-23.09,268.36,0.07,-0.02,0.30,104.66,68.88,104.66,0,0
15/11/2018 13:02:15,104.37,-5.839443,-35.201328,90.00,0.00,-86.00,29.00,335.95,2.93,-64.84,-2.42,0.24,-27.60,33.90,1003.45,148.74,-26.87,-18.07,272.48,0.05,-0.06,0.30,108.47,54.77,108.47,0,0
15/11/2018 13:02:15,104.71,-5.839443,-35.201328,90.00,0.00,-86.00,30.00,335.95,2.93,-69.54,-3.20,0.11,-21.13,33.90,1003.48,148.74,-19.77,-20.08,265.27,0.00,0.02,0.26,111.86,41.91,111.86,0,0
15/11/2018 13:02:16,105.05,-5.839440,-35.201335,90.00,0.00,-88.00,29.00,313.37,3.17,-74.98,-1.00,0.29,-15.47,33.90,1003.48,149.00,-17.74,-23.09,275.57,-0.02,-0.04,0.23,113.56,29.46,113.56,0,0
15/11/2018 13:02:16,105.40,-5.839440,-35.201335,45.00,0.00,-86.00,30.00,313.37,3.17,-80.96,-5.22,0.07,-8.66,33.90,1003.45,149.00,-12.67,-20.08,267.33,-0.02,-0.04,0.25,116.10,15.35,116.10,0,0
15/11/2018 13:02:16,105.74,-5.839440,-35.201335,45.00,0.00,-88.00,30.00,313.37,3.17,-86.39,-4.65,-0.39,-3.38,34.00,1003.51,149.00,-11.66,2.01,260.12,-0.00,0.02,0.23,116.10,4.98,116.10,0,0
15/11/2018 13:02:17,106.08,-5.839438,-35.201343,45.00,0.00,-86.00,30.00,313.37,3.17,-91.24,-3.11,-0.04,2.39,34.00,1003.51,148.24,-6.59,-19.07,252.91,0.03,-0.00,0.21,116.10,-4.15,116.10,0,0
15/11/2018 13:02:17,106.43,-5.839438,-35.201343,45.00,0.00,-84.00,36.00,278.22,2.56,-97.13,-4.82,0.36,7.18,34.00,1003.48,147.99,-19.77,0.00,252.91,-0.05,-0.07,0.24,112.71,-16.18,112.71,0,0
15/11/2018 13:02:18,106.79,-5.839440,-35.201347,45.00,0.00,-84.00,48.00,278.22,2.56,-103.84,-1.50,-1.25,14.41,34.00,1003.48,148.74,-10.65,-15.06,267.33,0.03,-0.04,0.28,109.75,-28.22,109.75,0,0
15/11/2018 13:02:18,107.13,-5.839440,-35.201347,45.00,0.00,-81.00,48.00,278.22,2.56,-111.11,-0.66,2.00,21.27,34.10,1003.54,148.24,-11.66,-3.01,262.18,-0.05,-0.00,0.29,102.97,-41.91,102.97,0,0
15/11/2018 13:02:18,107.48,-5.839440,-35.201347,45.00,0.00,-75.00,49.00,278.22,2.56,-119.86,-3.14,-0.06,30.64,34.10,1003.45,149.00,-2.53,4.02,244.67,-0.06,0.07,0.37,93.64,-56.02,93.64,0,0
15/11/2018 13:02:19,107.83,-5.839443,-35.201354,0.00,0.00,9.00,48.00,278.22,2.56,-118.14,-3.31,-2.16,31.89,34.10,1003.57,148.24,-5.58,-14.05,266.30,-0.00,-0.18,-0.28,92.37,-56.85,92.37,0,0
15/11/2018 13:02:19,108.18,-5.839443,-35.201354,0.00,0.00,6.00,48.00,278.22,2.56,-108.21,-2.98,-3.11,21.12,34.10,1003.57,147.99,6.59,-17.07,260.12,0.05,-0.06,-0.57,101.27,-41.08,101.27,0,0
15/11/2018 13:02:20,108.52,-5.839450,-35.201362,0.00,0.00,4.00,46.00,278.22,2.56,-98.87,-1.61,-2.88,9.71,34.20,1003.57,147.99,-6.59,0.00,259.09,-0.03,-0.13,-0.33,111.86,-20.33,111.86,0,0
15/11/2018 13:02:20,108.86,-5.839450,-35.201362,45.00,0.00,4.00,45.00,278.22,2.56,-99.23,-2.14,-3.03,8.61,34.20,1003.45,147.49,-12.67,-7.03,265.27,0.02,0.06,0.05,111.44,-17.43,111.44,0,0
15/11/2018 13:02:20,109.20,-5.839450,-35.201362,90.00,0.00,4.00,46.00,278.22,2.56,-98.05,-0.75,0.47,8.65,34.20,1003.54,147.74,12.67,-12.05,260.12,0.01,0.02,-0.06,112.29,-17.84,112.29,0,0
15/11/2018 13:02:21,109.56,-5.839457,-35.201366,90.00,0.00,4.00,52.00,278.22,2.56,-97.42,-0.86,-1.58,7.12,34.20,1003.54,147.74,-10.65,0.00,254.97,0.00,-0.00,-0.05,111.86,-14.94,111.86,0,0
15/11/2018 13:02:21,109.91,-5.839457,-35.201366,90.00,0.00,4.00,52.00,278.22,2.56,-96.95,-2.12,-2.16,6.75,34.20,1003.54,148.74,7.60,-17.07,261.15,0.00,0.12,-0.01,112.71,-13.28,112.71,0,0
15/11/2018 13:02:22,110.25,-5.839463,-35.201377,90.00,0.00,4.00,52.00,278.22,2.56,-96.76,-1.56,-1.30,6.19,34.20,1003.51,148.49,0.51,-20.08,264.24,0.00,-0.09,-0.03,113.14,-14.11,113.14,0,0
15/11/2018 13:02:22,110.59,-5.839463,-35.201377,90.00,0.00,4.00,52.00,234.02,4.30,-96.50,-2.35,-0.04,5.83,34.20,1003.51,147.74,-17.74,1.00,263.21,0.04,0.05,-0.00,113.14,-14.11,113.14,0,0
15/11/2018 13:02:22,110.96,-5.839463,-35.201377,90.00,0.00,4.00,0.00,234.02,4.30,-96.02,-1.07,0.89,6.37,34.20,1003.60,146.98,-0.51,-5.02,249.82,-0.02,0.00,-0.02,113.14,-12.45,113.14,0,0
15/11/2018 13:02:23,111.31,-5.839470,-35.201385,90.00,0.00,4.00,0.00,234.02,4.30,-96.09,-1.03,0.78,6.53,34.20,1003.54,148.49,3.55,0.00,245.70,-0.07,-0.02,-0.03,113.14,-12.86,113.14,0,0
15/11/2018 13:02:23,111.64,-5.839470,-35.201385,90.00,0.00,2.00,0.00,234.02,4.30,-96.06,-2.97,-2.76,7.10,34.20,1003.54,147.99,-13.69,-7.03,262.18,0.02,-0.08,-0.02,111.44,-13.69,111.44,0,0
15/11/2018 13:02:23,111.99,-5.839470,-35.201385,90.00,0.00,4.00,0.00,234.02,4.30,-95.90,-3.48,0.89,5.70,34.20,1003.57,147.99,3.55,-16.06,250.85,-0.02,0.10,-0.00,113.98,-12.03,113.98,0,0
15/11/2018 13:02:24,112.34,-5.839477,-35.201393,90.00,0.00,2.00,0.00,233.71,4.22,-95.85,-0.77,-1.05,5.70,34.20,1003.54,147.49,-0.51,-20.08,262.18,0.06,0.05,-0.01,113.98,-12.86,113.98,0,0
15/11/2018 13:02:24,112.69,-5.839477,-35.201393,90.00,0.00,2.00,0.00,233.71,4.22,-95.60,-4.01,-0.95,5.10,34.20,1003.57,147.49,-7.60,-17.07,259.09,0.05,0.03,-0.02,113.14,-12.86,113.14,0,0
15/11/2018 13:02:25,113.04,-5.839483,-35.201400,90.00,0.00,4.00,0.00,233.71,4.22,-94.70,-4.90,-1.20,5.69,34.20,1003.60,147.74,-5.58,-22.09,266.30,-0.06,-0.04,-0.05,114.41,-13.28,114.41,0,0
15/11/2018 13:02:25,113.38,-5.839483,-35.201400,45.00,0.00,2.00,0.00,233.71,4.22,-93.71,-4.22,-1.11,4.38,34.20,1003.63,147.99,-2.53,-17.07,257.03,-0.02,-0.06,-0.09,113.14,-10.79,113.14,0,0
15/11/2018 13:02:25,113.74,-5.839483,-35.201400,90.00,0.00,2.00,0.00,233.71,4.22,-91.24,-3.95,-2.08,1.77,34.20,1003.63,146.73,0.51,-19.07,258.06,0.05,-0.00,-0.14,114.41,-5.39,114.41,0,0
15/11/2018 13:02:26,114.09,-5.839488,-35.201408,90.00,0.00,2.00,0.00,234.94,3.61,-89.51,-3.32,-0.60,-1.19,34.30,1003.73,146.98,-0.51,-18.07,257.03,0.06,0.16,-0.07,116.10,0.41,116.10,0,0
15/11/2018 13:02:27,114.45,-5.839493,-35.201412,135.00,0.00,90.00,0.00,234.94,3.61,-86.72,-4.22,-2.32,-3.16,34.30,1003.73,147.49,2.53,-18.07,264.24,-0.01,0.03,-0.14,116.95,4.15,116.95,0,1
15/11/2018 13:02:27,114.81,-5.839493,-35.201412,90.00,0.00,90.00,74.00,234.94,3.61,-80.01,-4.24,-4.10,-8.88,34.30,1003.60,147.99,-2.53,-12.05,264.24,-0.06,-0.18,-0.34,117.80,16.60,117.80,0,1
15/11/2018 13:02:27,115.18,-5.839493,-35.201412,90.00,0.00,90.00,49.00,234.94,3.61,-74.71,-1.04,-1.54,-14.96,34.30,1003.57,147.74,3.55,-4.02,249.82,0.04,-0.01,-0.27,114.41,30.29,114.41,0,1
15/11/2018 13:02:28,115.55,-5.839497,-35.201419,90.00,0.00,90.00,49.00,234.94,3.61,-66.58,-1.26,-4.16,-22.57,34.20,1003.54,147.49,6.59,-6.02,247.76,0.02,0.10,-0.33,112.29,46.47,112.29,0,1
15/11/2018 13:02:28,115.92,-5.839497,-35.201419,90.00,0.00,90.00,49.00,234.94,3.61,-59.51,-0.72,0.08,-29.61,34.20,1003.60,147.99,-6.59,0.00,263.21,0.02,0.04,-0.30,109.75,61.00,109.75,0,1
15/11/2018 13:02:29,116.30,-5.839498,-35.201423,90.00,0.00,90.00,49.00,234.94,3.61,-52.69,-0.17,-0.75,-36.16,34.20,1003.48,147.99,-4.56,-10.04,257.03,0.07,-0.04,-0.30,101.27,74.69,101.27,0,1
15/11/2018 13:02:29,116.67,-5.839498,-35.201423,135.00,0.00,90.00,49.00,254.27,2.50,-46.40,-3.24,-1.42,-42.43,34.20,1003.48,148.74,-5.58,-12.05,261.15,-0.07,-0.06,-0.30,93.64,85.06,93.64,0,1
15/11/2018 13:02:29,117.03,-5.839498,-35.201423,135.00,0.00,90.00,74.00,254.27,2.50,-40.86,-0.47,-0.29,-47.33,34.20,1003.48,149.00,-6.59,2.01,256.00,-0.00,0.14,-0.26,87.71,95.44,87.71,0,1
15/11/2018 13:02:30,117.41,-5.839498,-35.201431,135.00,0.00,90.00,74.00,254.27,2.50,-34.38,0.00,-1.18,-53.18,34.20,1003.48,149.00,2.53,-3.01,251.88,-0.01,0.03,-0.32,78.39,105.81,78.39,0,1
15/11/2018 13:02:30,117.77,-5.839498,-35.201431,135.00,0.00,90.00,74.00,254.27,2.50,-29.30,-1.27,-1.41,-59.63,34.20,1003.42,148.49,8.62,-12.05,266.30,0.06,0.10,-0.26,66.95,113.69,66.95,0,1
15/11/2018 13:02:30,118.14,-5.839498,-35.201431,135.00,0.00,90.00,74.00,254.27,2.50,-22.33,0.89,-1.36,-65.75,34.20,1003.45,148.74,5.58,-6.02,263.21,0.07,0.06,-0.34,57.63,122.82,57.63,0,1
15/11/2018 13:02:31,118.52,-5.839498,-35.201438,112.50,0.00,90.00,74.00,282.80,3.24,-14.88,0.63,-3.23,-72.06,34.20,1003.45,147.74,6.59,-13.05,259.09,0.02,0.02,-0.36,42.80,127.39,42.80,0,1
15/11/2018 13:02:32,118.88,-5.839495,-35.201446,135.00,0.00,90.00,61.00,282.80,3.24,-9.16,-3.67,-3.45,-78.19,34.20,1003.45,148.24,-1.52,-11.04,264.24,0.01,0.01,-0.30,27.54,129.46,27.54,0,1
15/11/2018 13:02:32,119.24,-5.839495,-35.201446,112.50,0.00,90.00,74.00,282.80,3.24,-2.58,-2.05,-2.69,-83.23,34.20,1003.54,147.99,11.66,-14.05,257.03,0.05,0.05,-0.32,15.68,132.37,15.68,0,1
15/11/2018 13:02:32,119.61,-5.839495,-35.201446,157.50,0.00,90.00,61.00,282.80,3.24,2.11,-2.51,-5.25,-89.20,34.20,1003.54,149.00,11.66,-13.05,262.18,0.03,-0.01,-0.29,2.54,131.54,2.54,0,1
15/11/2018 13:02:33,119.98,-5.839488,-35.201454,157.50,0.00,90.00,86.00,282.80,3.24,8.30,-2.39,-3.24,-94.05,34.20,1003.42,147.99,10.65,-7.03,267.33,0.06,0.09,-0.34,-8.05,128.63,-8.05,0,1
15/11/2018 13:02:33,120.35,-5.839488,-35.201454,157.50,0.00,90.00,86.00,282.80,3.24,14.79,-2.37,-5.19,-100.41,34.30,1003.51,148.24,21.80,-12.05,253.94,0.02,0.03,-0.37,-21.61,122.41,-21.61,0,1
15/11/2018 13:02:33,120.72,-5.839488,-35.201454,135.00,0.00,90.00,86.00,282.80,3.24,22.03,2.49,-2.68,-108.48,34.30,1003.57,148.24,5.58,13.05,271.45,0.03,0.06,-0.37,-36.02,113.28,-36.02,0,1
15/11/2018 13:02:34,121.08,-5.839480,-35.201461,135.00,0.00,90.00,74.00,338.18,3.74,27.23,1.93,-0.95,-114.20,34.30,1003.60,147.74,3.55,-17.07,273.51,0.02,0.09,-0.30,-45.76,104.56,-45.76,0,1
15/11/2018 13:02:35,121.46,-5.839470,-35.201461,112.50,0.00,90.00,74.00,338.18,3.74,33.92,-2.79,-4.98,-120.71,34.30,1003.63,148.49,-7.60,4.02,271.45,0.03,-0.07,-0.37,-55.51,92.95,-55.51,0,1
15/11/2018 13:02:35,121.83,-5.839470,-35.201461,90.00,0.00,90.00,61.00,338.18,3.74,40.48,0.08,-0.43,-128.14,34.30,1003.45,147.24,8.62,-7.03,275.57,0.08,-0.03,-0.33,-64.41,80.50,-64.41,0,1
15/11/2018 13:02:35,122.20,-5.839470,-35.201461,90.00,0.00,90.00,49.00,338.18,3.74,47.03,-1.00,-2.86,-136.39,34.30,1003.63,148.24,3.55,-6.02,278.66,0.04,0.07,-0.31,-69.92,66.39,-69.92,0,1
15/11/2018 13:02:36,122.56,-5.839458,-35.201454,45.00,0.00,90.00,49.00,338.18,3.74,55.07,0.61,-1.97,-145.27,34.30,1003.51,148.24,-4.56,-4.02,276.60,0.06,0.01,-0.33,-73.31,50.21,-73.31,0,1
15/11/2018 13:02:36,122.93,-5.839458,-35.201454,45.00,0.00,90.00,24.00,338.18,3.74,62.08,-3.01,-1.42,-153.25,34.30,1003.51,147.74,0.51,-14.05,268.36,0.01,0.10,-0.27,-76.27,37.76,-76.27,0,1
15/11/2018 13:02:36,123.29,-5.839458,-35.201454,45.00,0.00,90.00,24.00,338.18,3.74,69.60,-3.45,-2.22,-162.77,34.30,1003.57,147.74,3.55,-15.06,273.51,-0.06,-0.00,-0.28,-75.42,22.41,-75.42,0,1
15/11/2018 13:02:36,123.65,-5.839458,-35.201454,45.00,0.00,90.00,24.00,338.18,3.74,75.75,-2.21,-1.60,-169.95,34.30,1003.51,147.74,2.53,-12.05,266.30,0.02,-0.05,-0.17,-75.42,12.45,-75.42,0,1
15/11/2018 13:02:38,124.00,-5.839440,-35.201446,45.00,0.00,90.00,24.00,338.18,3.74,80.64,-2.92,-2.82,-174.52,34.40,1003.54,148.24,13.69,-20.08,272.48,0.02,0.03,-0.14,-75.85,6.22,-75.85,0,1
15/11/2018 13:02:38,124.36,-5.839440,-35.201446,45.00,0.00,90.00,24.00,338.18,3.74,85.10,-2.38,-0.73,179.88,34.40,1003.54,148.24,-1.52,-11.04,274.54,-0.04,0.03,-0.11,-74.58,-1.66,-74.58,0,1
15/11/2018 13:02:38,124.72,-5.839440,-35.201446,45.00,0.00,90.00,24.00,338.18,3.74,89.51,-2.65,-2.25,177.24,34.40,1003.45,147.99,2.53,-12.05,251.88,-0.04,0.04,-0.11,-72.88,-4.15,-72.88,0,1
15/11/2018 13:02:39,125.09,-5.839437,-35.201438,45.00,0.00,90.00,24.00,65.06,2.96,93.03,-3.38,-2.99,174.59,34.40,1003.63,149.00,0.51,-9.04,248.79,-0.04,0.00,-0.07,-71.19,-7.47,-71.19,0,1
15/11/2018 13:02:39,125.46,-5.839437,-35.201438,45.00,0.00,90.00,24.00,65.06,2.96,96.09,-2.26,-3.08,171.00,34.40,1003.57,147.49,8.62,-13.05,259.09,-0.01,-0.01,-0.09,-70.76,-11.62,-70.76,0,1
15/11/2018 13:02:39,125.83,-5.839437,-35.201438,45.00,0.00,90.00,24.00,65.06,2.96,99.21,-2.68,-1.87,168.20,34.40,1003.57,147.99,3.55,-13.05,262.18,-0.02,0.04,-0.10,-69.92,-15.77,-69.92,0,1
15/11/2018 13:02:39,126.21,-5.839437,-35.201438,45.00,0.00,90.00,24.00,65.06,2.96,103.33,-1.22,-2.24,166.18,34.40,1003.54,148.24,-2.53,-15.06,260.12,0.07,0.00,-0.14,-70.34,-18.26,-70.34,0,1
15/11/2018 13:02:41,126.57,-5.839430,-35.201431,45.00,0.00,90.00,24.00,65.06,2.96,106.93,-2.15,-1.60,160.54,34.50,1003.57,146.90,-2.53,-13.05,266.30,0.03,0.08,-0.09,-67.37,-25.31,-67.37,0,1
15/11/2018 13:02:41,126.94,-5.839430,-35.201431,0.00,0.00,90.00,24.00,65.06,2.96,109.19,-3.49,-2.37,159.00,34.50,1003.48,147.15,2.53,-17.07,261.15,-0.00,-0.06,-0.09,-66.95,-26.56,-66.95,0,1
15/11/2018 13:02:41,127.32,-5.839430,-35.201431,0.00,0.00,90.00,0.00,65.06,2.96,112.02,-2.26,-0.15,156.78,34.50,1003.54,148.49,-5.58,-8.03,258.06,0.01,0.12,-0.07,-66.53,-29.46,-66.53,0,1
15/11/2018 13:02:42,127.69,-5.839427,-35.201423,0.00,0.00,90.00,0.00,73.90,2.11,115.85,-2.76,-3.82,152.19,34.50,1003.51,147.99,-3.55,-12.05,270.42,0.05,-0.05,-0.17,-63.56,-34.02,-63.56,0,1
15/11/2018 13:02:42,128.06,-5.839427,-35.201423,45.00,0.00,90.00,0.00,73.90,2.11,120.92,-3.50,-2.09,145.94,34.50,1003.39,149.00,2.53,-18.07,263.21,-0.02,0.12,-0.15,-61.86,-42.32,-61.86,0,1
15/11/2018 13:02:43,128.43,-5.839425,-35.201416,45.00,0.00,90.00,24.00,73.90,2.11,126.23,-2.15,-4.20,141.37,34.50,1003.51,148.74,7.60,-15.06,263.21,0.06,0.01,-0.18,-58.47,-48.13,-58.47,0,1
15/11/2018 13:02:43,128.80,-5.839425,-35.201416,0.00,0.00,90.00,24.00,73.90,2.11,133.06,-3.30,-3.78,133.60,34.50,1003.48,147.99,8.62,-14.05,254.97,-0.04,0.05,-0.23,-50.42,-54.77,-50.42,0,1
15/11/2018 13:02:44,129.17,-5.839425,-35.201412,0.00,0.00,90.00,0.00,73.90,2.11,140.63,-2.38,-3.65,124.77,34.60,1003.48,149.00,5.58,-12.05,259.09,0.04,-0.05,-0.27,-43.22,-63.49,-43.22,0,1
15/11/2018 13:02:44,129.54,-5.839425,-35.201412,45.00,0.00,90.00,0.00,73.90,2.11,149.95,-3.21,-2.86,116.55,34.60,1003.51,148.74,9.63,-18.07,257.03,-0.09,-0.03,-0.29,-35.59,-73.03,-35.59,0,1
15/11/2018 13:02:44,129.91,-5.839425,-35.201412,0.00,0.00,90.00,24.00,73.90,2.11,157.72,-4.09,-4.57,108.85,34.60,1003.34,148.49,8.62,-17.07,242.61,-0.05,-0.04,-0.24,-25.85,-78.01,-25.85,0,1
15/11/2018 13:02:45,130.27,-5.839427,-35.201408,0.00,0.00,90.00,0.00,73.90,2.11,164.63,-1.78,-0.84,102.28,34.60,1003.45,148.74,-4.56,-9.04,262.18,0.00,0.01,-0.22,-17.37,-82.99,-17.37,0,1
15/11/2018 13:02:45,130.64,-5.839427,-35.201408,0.00,0.00,90.00,0.00,73.90,2.11,170.90,-2.89,-3.40,95.59,34.60,1003.39,148.49,6.59,-13.05,250.85,-0.01,0.01,-0.21,-8.90,-87.55,-8.90,0,1
15/11/2018 13:02:46,131.01,-5.839430,-35.201400,0.00,0.00,90.00,0.00,110.33,2.52,177.61,-2.30,-2.14,91.07,34.60,1003.48,149.00,-5.58,-14.05,265.27,0.05,-0.01,-0.22,-0.85,-88.38,-0.85,0,1
15/11/2018 13:02:46,131.38,-5.839430,-35.201400,0.00,0.00,90.00,0.00,110.33,2.52,-177.52,-4.06,-2.67,84.90,34.60,1003.39,149.25,3.55,-12.05,254.97,-0.00,0.02,-0.15,7.20,-89.63,7.20,0,1
15/11/2018 13:02:47,131.75,-5.839433,-35.201396,0.00,0.00,90.00,0.00,110.33,2.52,-173.14,-4.61,-2.16,82.93,34.60,1003.42,148.74,2.53,-17.07,251.88,-0.05,0.01,-0.15,11.86,-92.95,11.86,0,1
15/11/2018 13:02:47,132.11,-5.839433,-35.201396,0.00,0.00,90.00,0.00,110.33,2.52,-170.18,-3.32,-1.54,79.49,34.70,1003.45,147.99,-0.51,-19.07,261.15,0.06,0.02,-0.09,17.37,-92.12,17.37,0,1
15/11/2018 13:02:47,132.49,-5.839433,-35.201396,0.00,0.00,90.00,0.00,110.33,2.52,-168.50,-3.67,-2.59,77.90,34.70,1003.45,149.25,-2.53,-18.07,268.36,0.02,-0.05,-0.05,19.49,-92.95,19.49,0,1
15/11/2018 13:02:48,132.86,-5.839437,-35.201393,0.00,0.00,90.00,0.00,110.33,2.52,-167.92,-3.89,-1.11,78.04,34.70,1003.45,148.74,-0.51,-19.07,256.00,-0.02,0.05,-0.00,19.07,-92.53,19.07,0,1
15/11/2018 13:02:48,133.22,-5.839437,-35.201393,45.00,0.00,90.00,0.00,144.05,2.06,-166.91,-3.05,-2.17,77.03,34.70,1003.45,148.74,2.53,-19.07,266.30,0.10,0.03,-0.07,21.19,-92.12,21.19,0,1
15/11/2018 13:02:49,133.58,-5.839442,-35.201389,45.00,0.00,90.00,24.00,144.05,2.06,-164.57,-2.06,-2.35,74.15,34.70,1003.42,149.00,1.52,-6.02,269.39,-0.04,0.04,-0.12,26.69,-93.36,26.69,0,1
15/11/2018 13:02:49,133.95,-5.839442,-35.201389,90.00,0.00,90.00,24.00,144.05,2.06,-159.83,-1.34,-3.47,72.03,34.80,1003.39,149.00,9.63,-14.05,261.15,0.01,0.03,-0.22,30.51,-93.78,30.51,0,1
15/11/2018 13:02:49,134.33,-5.839442,-35.201389,90.00,0.00,90.00,49.00,144.05,2.06,-154.49,-2.29,-4.83,64.94,34.70,1003.39,149.25,6.59,-7.03,256.00,-0.04,-0.11,-0.27,42.80,-90.46,42.80,0,1
15/11/2018 13:02:50,134.69,-5.839443,-35.201389,90.00,0.00,90.00,49.00,144.05,2.06,-149.08,-0.10,-0.25,60.05,34.80,1003.39,149.00,-8.62,0.00,259.09,-0.01,0.01,-0.26,49.58,-87.14,49.58,0,1
15/11/2018 13:02:50,135.05,-5.839443,-35.201389,90.00,0.00,90.00,49.00,144.05,2.06,-141.54,-1.66,-1.43,50.27,34.80,1003.45,148.49,-2.53,-4.02,247.76,0.02,0.00,-0.33,66.10,-79.67,66.10,0,1
15/11/2018 13:02:50,135.43,-5.839443,-35.201389,90.00,0.00,90.00,49.00,144.05,2.06,-133.63,-1.76,-2.65,42.86,34.80,1003.55,147.91,8.62,-10.04,254.97,-0.04,-0.12,-0.30,75.85,-71.37,75.85,0,1
15/11/2018 13:02:50,135.80,-5.839443,-35.201389,90.00,0.00,90.00,49.00,144.05,2.06,-125.77,-1.44,-3.03,36.77,34.80,1003.51,147.91,17.74,-14.05,260.12,-0.00,0.04,-0.31,85.59,-64.73,85.59,0,1
15/11/2018 13:02:52,136.16,-5.839453,-35.201385,45.00,0.00,90.00,49.00,144.05,2.06,-117.64,-0.45,-3.43,29.31,34.80,1003.55,148.74,-3.55,0.00,250.85,-0.00,0.07,-0.37,95.76,-53.11,95.76,0,1
15/11/2018 13:02:52,136.54,-5.839453,-35.201385,45.00,0.00,90.00,24.00,144.05,2.06,-109.97,-4.02,-1.49,20.69,34.80,1003.55,147.91,14.70,-20.08,248.79,-0.04,-0.02,-0.32,105.51,-39.83,105.51,0,1
15/11/2018 13:02:52,136.91,-5.839453,-35.201385,45.00,0.00,90.00,24.00,144.05,2.06,-103.62,-3.73,-5.23,13.32,34.80,1003.48,147.91,12.67,-15.06,254.97,0.03,0.01,-0.29,108.90,-27.39,108.90,0,1
15/11/2018 13:02:53,137.29,-5.839462,-35.201389,45.00,0.00,90.00,24.00,144.05,2.06,-95.00,-2.32,-3.16,5.15,34.80,1003.58,149.00,14.70,-14.05,256.00,0.06,0.06,-0.34,113.98,-11.20,113.98,0,1
15/11/2018 13:02:53,137.65,-5.839462,-35.201389,90.00,0.00,90.00,24.00,144.05,2.06,-86.19,-2.84,-3.96,-3.47,34.80,1003.48,148.16,4.56,-16.06,258.06,0.00,0.09,-0.39,115.25,5.39,115.25,0,1
15/11/2018 13:02:53,138.02,-5.839462,-35.201389,90.00,0.00,90.00,49.00,144.05,2.06,-77.32,-2.85,-5.21,-11.67,34.80,1003.48,149.00,8.62,-8.03,262.18,-0.04,0.02,-0.40,116.10,21.99,116.10,0,1
15/11/2018 13:02:54,138.37,-5.839468,-35.201393,90.00,0.00,90.00,49.00,221.23,3.24,-67.77,-3.57,-5.02,-20.83,34.80,1003.45,149.00,-2.53,-1.00,266.30,-0.01,-0.01,-0.42,114.83,43.15,114.83,0,1
15/11/2018 13:02:55,138.74,-5.839472,-35.201396,90.00,0.00,90.00,49.00,221.23,3.24,-60.11,-2.37,0.38,-27.57,34.80,1003.42,148.24,3.55,-5.02,253.94,-0.04,0.04,-0.33,109.32,58.09,109.32,0,1
15/11/2018 13:02:55,139.09,-5.839472,-35.201396,135.00,0.00,90.00,49.00,221.23,3.24,-54.44,-0.21,1.03,-34.72,34.80,1003.42,149.25,-3.55,-15.06,260.12,0.05,0.03,-0.28,104.24,71.37,104.24,0,1
15/11/2018 13:02:55,139.45,-5.839472,-35.201396,135.00,0.00,90.00,74.00,221.23,3.24,-49.56,-0.96,-2.05,-40.47,34.80,1003.42,148.74,11.66,-10.04,270.42,0.12,0.10,-0.21,99.58,82.16,99.58,0,1
15/11/2018 13:02:56,139.81,-5.839473,-35.201400,135.00,0.00,90.00,74.00,268.05,3.04,-43.93,1.12,0.11,-45.21,34.80,1003.42,149.25,-9.63,1.00,261.15,0.02,0.03,-0.26,92.80,90.87,92.80,0,1
15/11/2018 13:02:56,140.18,-5.839473,-35.201400,135.00,0.00,90.00,74.00,268.05,3.04,-37.69,-1.40,-3.23,-49.84,34.70,1003.39,148.24,12.67,-20.08,253.94,0.02,-0.03,-0.30,83.90,100.41,83.90,0,1
15/11/2018 13:02:56,140.55,-5.839473,-35.201400,135.00,0.00,90.00,74.00,268.05,3.04,-31.64,-2.42,-2.95,-56.17,34.70,1003.42,149.67,4.56,-14.05,261.15,0.02,-0.01,-0.30,75.42,108.71,75.42,0,1
15/11/2018 13:02:57,140.91,-5.839473,-35.201408,135.00,0.00,90.00,74.00,279.69,3.69,-24.57,1.36,-2.70,-62.70,34.70,1003.36,150.67,1.52,-4.02,274.54,0.09,-0.00,-0.35,61.86,117.01,61.86,0,1
15/11/2018 13:02:58,141.29,-5.839470,-35.201416,135.00,0.00,90.00,74.00,279.69,3.69,-19.50,-2.16,-3.27,-67.82,34.70,1003.42,149.00,13.69,-23.09,271.45,0.03,0.11,-0.24,50.85,123.65,50.85,0,1
15/11/2018 13:02:58,141.66,-5.839470,-35.201416,135.00,0.00,90.00,74.00,279.69,3.69,-14.40,-2.21,-4.84,-73.29,34.70,1003.45,149.00,16.73,-12.05,258.06,0.02,-0.00,-0.29,40.25,126.97,40.25,0,1
15/11/2018 13:02:58,142.03,-5.839470,-35.201416,135.00,0.00,90.00,74.00,279.69,3.69,-9.71,0.11,-2.49,-77.58,34.70,1003.42,148.74,-0.51,1.00,263.21,0.04,0.07,-0.24,30.51,129.46,30.51,0,1
15/11/2018 13:02:59,142.41,-5.839465,-35.201427,135.00,0.00,90.00,74.00,279.69,3.69,-4.68,-1.50,-2.78,-82.17,34.70,1003.39,149.25,13.69,-12.05,257.03,0.05,0.05,-0.29,18.64,130.71,18.64,0,1
15/11/2018 13:02:59,142.77,-5.839465,-35.201427,135.00,0.00,90.00,74.00,279.69,3.69,0.63,-3.01,-3.93,-88.03,34.70,1003.45,149.00,11.66,-3.01,261.15,0.01,0.02,-0.33,5.93,130.71,5.93,0,1
15/11/2018 13:03:00,143.14,-5.839457,-35.201431,135.00,0.00,90.00,74.00,279.69,3.69,6.67,-1.74,-2.64,-93.06,34.70,1003.36,149.25,15.71,-7.03,262.18,-0.04,0.04,-0.32,-4.66,128.22,-4.66,0,1
15/11/2018 13:03:00,143.52,-5.839457,-35.201431,157.50,0.00,90.00,74.00,279.69,3.69,12.68,-0.54,-3.24,-99.52,34.70,1003.45,149.00,12.67,-13.05,261.15,0.03,-0.04,-0.35,-19.07,122.41,-19.07,0,1
